date,faw_map,storage_km3,faw_stations,n_stations
2017-10-01,0.697,39.466,,
2017-10-02,0.655,38.265,,
2017-10-03,0.635,37.755,,
2017-10-04,0.638,37.876,,
2017-10-05,0.654,38.329,,
2017-10-06,0.647,38.103,,
2017-10-07,0.728,40.498,,
2017-10-08,0.716,40.137,,
2017-10-09,0.705,39.801,,
2017-10-10,0.702,39.687,,
2017-10-11,0.687,39.244,,
2017-10-12,0.671,38.781,,
2017-10-13,0.657,38.362,,
2017-10-14,0.647,38.052,,
2017-10-15,0.684,39.112,,
2017-10-16,0.676,38.857,,
2017-10-17,0.672,38.72,,
2017-10-18,0.666,38.541,,
2017-10-19,0.659,38.342,,
2017-10-20,0.652,38.13,,
2017-10-21,0.645,37.921,,
2017-10-22,0.699,39.467,,
2017-10-23,0.69,39.193,,
2017-10-24,0.679,38.876,,
2017-10-25,0.667,38.531,,
2017-10-26,0.655,38.182,,
2017-10-27,0.644,37.842,,
2017-10-28,0.633,37.513,,
2017-10-29,0.622,37.193,,
2017-10-30,0.612,36.902,,
2017-10-31,0.603,36.639,,
2017-11-01,0.595,36.405,,
2017-11-02,0.588,36.194,,
2017-11-03,0.582,36.015,,
2017-11-04,0.577,35.866,,
2017-11-05,0.573,35.742,,
2017-11-06,0.569,35.632,,
2017-11-07,0.566,35.526,,
2017-11-08,0.562,35.405,,
2017-11-09,0.557,35.272,,
2017-11-10,0.552,35.131,,
2017-11-11,0.548,34.997,,
2017-11-12,0.544,34.886,,
2017-11-13,0.541,34.801,,
2017-11-14,0.539,34.746,,
2017-11-15,0.539,34.722,,
2017-11-16,0.538,34.705,,
2017-11-17,0.538,34.692,,
2017-11-18,0.537,34.675,,
2017-11-19,0.536,34.642,,
2017-11-20,0.534,34.587,,
2017-11-21,0.531,34.499,,
2017-11-22,0.528,34.394,,
2017-11-23,0.524,34.282,,
2017-11-24,0.52,34.174,,
2017-11-25,0.517,34.087,,
2017-11-26,0.515,34.016,,
2017-11-27,0.513,33.949,,
2017-11-28,0.51,33.884,,
2017-11-29,0.511,33.89,,
2017-11-30,0.508,33.823,,
2017-12-01,0.506,33.739,,
2017-12-02,0.503,33.644,,
2017-12-03,0.499,33.542,,
2017-12-04,0.496,33.458,,
2017-12-05,0.494,33.38,,
2017-12-06,0.491,33.303,,
2017-12-07,0.488,33.212,,
2017-12-08,0.484,33.085,,
2017-12-09,0.479,32.938,,
2017-12-10,0.474,32.792,,
2017-12-11,0.47,32.666,,
2017-12-12,0.466,32.561,,
2017-12-13,0.463,32.469,,
2017-12-14,0.46,32.375,,
2017-12-15,0.457,32.289,,
2017-12-16,0.454,32.21,,
2017-12-17,0.456,32.259,,
2017-12-18,0.455,32.234,,
2017-12-19,0.454,32.213,,
2017-12-20,0.452,32.129,,
2017-12-21,0.451,32.1,,
2017-12-22,0.449,32.05,,
2017-12-23,0.448,32.005,,
2017-12-24,0.445,31.918,,
2017-12-25,0.44,31.773,,
2017-12-26,0.435,31.627,,
2017-12-27,0.432,31.537,,
2017-12-28,0.428,31.422,,
2017-12-29,0.426,31.375,,
2017-12-30,0.424,31.319,,
2017-12-31,0.423,31.264,,
2018-01-01,0.421,31.21,,
2018-01-02,0.419,31.166,,
2018-01-03,0.418,31.124,,
2018-01-04,0.417,31.082,,
2018-01-05,0.415,31.041,,
2018-01-06,0.414,31.001,,
2018-01-07,0.412,30.951,,
2018-01-08,0.415,31.022,,
2018-01-09,0.411,30.919,,
2018-01-10,0.412,30.947,,
2018-01-11,0.414,30.988,,
2018-01-12,0.412,30.949,,
2018-01-13,0.412,30.954,,
2018-01-14,0.411,30.918,,
2018-01-15,0.41,30.873,,
2018-01-16,0.408,30.827,,
2018-01-17,0.407,30.782,,
2018-01-18,0.406,30.748,,
2018-01-19,0.404,30.713,,
2018-01-20,0.403,30.677,,
2018-01-21,0.404,30.694,,
2018-01-22,0.41,30.905,,
2018-01-23,0.408,30.843,,
2018-01-24,0.406,30.77,,
2018-01-25,0.404,30.723,,
2018-01-26,0.411,30.938,,
2018-01-27,0.418,31.143,,
2018-01-28,0.425,31.335,,
2018-01-29,0.429,31.446,,
2018-01-30,0.426,31.366,,
2018-01-31,0.426,31.358,,
2018-02-01,0.426,31.342,,
2018-02-02,0.425,31.328,,
2018-02-03,0.425,31.329,,
2018-02-04,0.425,31.333,,
2018-02-05,0.426,31.339,,
2018-02-06,0.425,31.325,,
2018-02-07,0.424,31.288,,
2018-02-08,0.422,31.249,,
2018-02-09,0.419,31.153,,
2018-02-10,0.416,31.058,,
2018-02-11,0.413,30.979,,
2018-02-12,0.411,30.903,,
2018-02-13,0.409,30.84,,
2018-02-14,0.408,30.815,,
2018-02-15,0.408,30.808,,
2018-02-16,0.408,30.81,,
2018-02-17,0.409,30.836,,
2018-02-18,0.41,30.858,,
2018-02-19,0.411,30.889,,
2018-02-20,0.422,31.208,,
2018-02-21,0.442,31.795,,
2018-02-22,0.441,31.756,,
2018-02-23,0.443,31.826,,
2018-02-24,0.449,31.998,,
2018-02-25,0.454,32.135,,
2018-02-26,0.457,32.225,,
2018-02-27,0.459,32.283,,
2018-02-28,0.461,32.337,,
2018-03-01,0.463,32.376,,
2018-03-02,0.464,32.406,,
2018-03-03,0.464,32.417,,
2018-03-04,0.465,32.422,,
2018-03-05,0.465,32.435,,
2018-03-06,0.465,32.437,,
2018-03-07,0.464,32.409,,
2018-03-08,0.462,32.334,,
2018-03-09,0.458,32.215,,
2018-03-10,0.456,32.185,,
2018-03-11,0.455,32.162,,
2018-03-12,0.454,32.141,,
2018-03-13,0.453,32.111,,
2018-03-14,0.451,32.064,,
2018-03-15,0.45,32.022,,
2018-03-16,0.449,31.999,,
2018-03-17,0.448,31.987,,
2018-03-18,0.448,31.972,,
2018-03-19,0.532,34.421,,
2018-03-20,0.544,34.774,,
2018-03-21,0.545,34.807,,
2018-03-22,0.543,34.755,,
2018-03-23,0.536,34.54,,
2018-03-24,0.529,34.348,,
2018-03-25,0.523,34.159,,
2018-03-26,0.523,34.145,,
2018-03-27,0.52,34.062,,
2018-03-28,0.518,34.001,,
2018-03-29,0.516,33.94,,
2018-03-30,0.514,33.879,,
2018-03-31,0.512,33.816,,
2018-04-01,0.509,33.722,0.476,27.0
2018-04-02,0.505,33.594,0.465,26.0
2018-04-03,0.5,33.458,0.471,27.0
2018-04-04,0.495,33.313,0.463,25.0
2018-04-05,0.491,33.184,0.459,27.0
2018-04-06,0.487,33.083,0.477,28.0
2018-04-07,0.484,32.991,0.482,27.0
2018-04-08,0.481,32.886,0.464,28.0
2018-04-09,0.477,32.775,0.465,28.0
2018-04-10,0.474,32.674,0.462,28.0
2018-04-11,0.472,32.619,0.475,29.0
2018-04-12,0.471,32.594,0.475,29.0
2018-04-13,0.471,32.601,0.477,29.0
2018-04-14,0.473,32.661,0.468,29.0
2018-04-15,0.471,32.604,0.488,25.0
2018-04-16,0.467,32.477,0.465,28.0
2018-04-17,0.463,32.347,0.465,28.0
2018-04-18,0.459,32.224,0.466,28.0
2018-04-19,0.455,32.11,0.459,27.0
2018-04-20,0.451,31.997,0.456,28.0
2018-04-21,0.476,32.767,0.473,29.0
2018-04-22,0.501,33.473,0.501,29.0
2018-04-23,0.498,33.36,0.498,29.0
2018-04-24,0.496,33.318,0.496,29.0
2018-04-25,0.514,33.849,0.521,29.0
2018-04-26,0.525,34.173,0.534,29.0
2018-04-27,0.524,34.139,0.53,28.0
2018-04-28,0.521,34.063,0.513,29.0
2018-04-29,0.517,33.929,0.508,29.0
2018-04-30,0.511,33.761,0.5,29.0
2018-05-01,0.504,33.569,0.493,29.0
2018-05-02,0.529,34.281,0.517,29.0
2018-05-03,0.585,35.889,0.581,29.0
2018-05-04,0.581,35.792,0.577,29.0
2018-05-05,0.574,35.566,0.557,29.0
2018-05-06,0.564,35.281,0.543,29.0
2018-05-07,0.552,34.937,0.531,29.0
2018-05-08,0.539,34.555,0.516,29.0
2018-05-09,0.526,34.149,0.502,29.0
2018-05-10,0.524,34.102,0.503,29.0
2018-05-11,0.51,33.692,0.489,29.0
2018-05-12,0.496,33.291,0.475,29.0
2018-05-13,0.482,32.878,0.46,29.0
2018-05-14,0.475,32.663,0.456,29.0
2018-05-15,0.519,33.93,0.486,29.0
2018-05-16,0.508,33.603,0.49,28.0
2018-05-17,0.497,33.294,0.494,29.0
2018-05-18,0.485,32.934,0.485,29.0
2018-05-19,0.569,35.485,0.555,29.0
2018-05-20,0.571,35.555,0.544,29.0
2018-05-21,0.559,35.191,0.535,29.0
2018-05-22,0.542,34.676,0.527,29.0
2018-05-23,0.528,34.281,0.53,28.0
2018-05-24,0.524,34.149,0.522,29.0
2018-05-25,0.539,34.592,0.542,29.0
2018-05-26,0.522,34.095,0.523,30.0
2018-05-27,0.505,33.586,0.508,30.0
2018-05-28,0.49,33.161,0.494,30.0
2018-05-29,0.562,35.456,0.574,30.0
2018-05-30,0.602,36.616,0.625,31.0
2018-05-31,0.613,36.944,0.647,32.0
2018-06-01,0.597,36.477,0.625,32.0
2018-06-02,0.6,36.53,0.614,32.0
2018-06-03,0.579,35.903,0.588,32.0
2018-06-04,0.557,35.24,0.568,32.0
2018-06-05,0.535,34.576,0.55,32.0
2018-06-06,0.514,33.944,0.533,32.0
2018-06-07,0.524,34.249,0.582,32.0
2018-06-08,0.51,33.842,0.564,32.0
2018-06-09,0.497,33.451,0.542,32.0
2018-06-10,0.482,32.998,0.52,32.0
2018-06-11,0.464,32.467,0.497,32.0
2018-06-12,0.479,32.861,0.495,32.0
2018-06-13,0.461,32.322,0.481,32.0
2018-06-14,0.445,31.836,0.483,31.0
2018-06-15,0.425,31.243,0.473,30.0
2018-06-16,0.408,30.744,0.452,30.0
2018-06-17,0.395,30.365,0.42,31.0
2018-06-18,0.38,29.913,0.418,31.0
2018-06-19,0.373,29.705,0.406,31.0
2018-06-20,0.494,33.427,0.541,32.0
2018-06-21,0.477,32.911,0.513,32.0
2018-06-22,0.46,32.422,0.499,32.0
2018-06-23,0.474,32.851,0.513,32.0
2018-06-24,0.505,33.836,0.578,32.0
2018-06-25,0.604,36.778,0.68,32.0
2018-06-26,0.593,36.429,0.65,32.0
2018-06-27,0.592,36.382,0.641,32.0
2018-06-28,0.571,35.769,0.608,32.0
2018-06-29,0.548,35.075,0.573,32.0
2018-06-30,0.525,34.37,0.544,32.0
2018-07-01,0.565,35.526,0.543,32.0
2018-07-02,0.538,34.741,0.525,32.0
2018-07-03,0.511,33.928,0.504,32.0
2018-07-04,0.485,33.149,0.47,33.0
2018-07-05,0.468,32.663,0.453,33.0
2018-07-06,0.466,32.594,0.451,33.0
2018-07-07,0.452,32.174,0.461,33.0
2018-07-08,0.432,31.59,0.44,33.0
2018-07-09,0.415,31.084,0.417,33.0
2018-07-10,0.398,30.583,0.398,33.0
2018-07-11,0.382,30.087,0.38,33.0
2018-07-12,0.366,29.598,0.363,33.0
2018-07-13,0.35,29.117,0.345,34.0
2018-07-14,0.392,30.32,0.374,34.0
2018-07-15,0.378,29.906,0.362,34.0
2018-07-16,0.381,29.996,0.357,34.0
2018-07-17,0.393,30.395,0.36,34.0
2018-07-18,0.411,30.89,0.377,34.0
2018-07-19,0.397,30.49,0.368,34.0
2018-07-20,0.388,30.206,0.357,34.0
2018-07-21,0.377,29.908,0.344,34.0
2018-07-22,0.364,29.504,0.332,34.0
2018-07-23,0.358,29.362,0.329,34.0
2018-07-24,0.347,29.017,0.317,34.0
2018-07-25,0.335,28.656,0.307,34.0
2018-07-26,0.366,29.63,0.337,34.0
2018-07-27,0.372,29.853,0.368,34.0
2018-07-28,0.392,30.479,0.4,34.0
2018-07-29,0.474,32.881,0.452,34.0
2018-07-30,0.476,32.974,0.471,34.0
2018-07-31,0.501,33.688,0.495,34.0
2018-08-01,0.486,33.241,0.474,34.0
2018-08-02,0.47,32.761,0.455,34.0
2018-08-03,0.453,32.269,0.437,34.0
2018-08-04,0.449,32.167,0.428,34.0
2018-08-05,0.433,31.681,0.41,34.0
2018-08-06,0.425,31.479,0.398,34.0
2018-08-07,0.451,32.211,0.417,34.0
2018-08-08,0.448,32.129,0.413,34.0
2018-08-09,0.434,31.727,0.403,34.0
2018-08-10,0.42,31.285,0.39,34.0
2018-08-11,0.406,30.857,0.377,34.0
2018-08-12,0.391,30.426,0.365,34.0
2018-08-13,0.38,30.096,0.357,34.0
2018-08-14,0.461,32.457,0.427,34.0
2018-08-15,0.481,33.013,0.459,34.0
2018-08-16,0.466,32.581,0.447,34.0
2018-08-17,0.49,33.258,0.456,34.0
2018-08-18,0.478,32.898,0.455,34.0
2018-08-19,0.547,35.024,0.519,34.0
2018-08-20,0.617,37.041,0.603,34.0
2018-08-21,0.602,36.608,0.581,34.0
2018-08-22,0.598,36.5,0.592,34.0
2018-08-23,0.601,36.591,0.606,34.0
2018-08-24,0.633,37.475,0.642,34.0
2018-08-25,0.616,36.97,0.618,34.0
2018-08-26,0.6,36.498,0.605,34.0
2018-08-27,0.58,35.916,0.579,34.0
2018-08-28,0.56,35.312,0.552,34.0
2018-08-29,0.543,34.821,0.537,35.0
2018-08-30,0.535,34.58,0.526,35.0
2018-08-31,0.537,34.624,0.533,35.0
2018-09-01,0.523,34.21,0.525,34.0
2018-09-02,0.531,34.455,0.563,35.0
2018-09-03,0.619,37.001,0.645,35.0
2018-09-04,0.651,37.943,0.685,35.0
2018-09-05,0.698,39.382,0.724,35.0
2018-09-06,0.727,40.219,0.751,35.0
2018-09-07,0.716,39.877,0.752,35.0
2018-09-08,0.726,40.18,0.776,35.0
2018-09-09,0.713,39.816,0.759,35.0
2018-09-10,0.701,39.45,0.741,35.0
2018-09-11,0.687,39.059,0.722,35.0
2018-09-12,0.673,38.643,0.704,35.0
2018-09-13,0.659,38.207,0.687,35.0
2018-09-14,0.644,37.764,0.671,35.0
2018-09-15,0.629,37.315,0.653,35.0
2018-09-16,0.614,36.871,0.637,35.0
2018-09-17,0.599,36.428,0.621,35.0
2018-09-18,0.584,35.988,0.604,35.0
2018-09-19,0.569,35.542,0.585,35.0
2018-09-20,0.554,35.089,0.567,35.0
2018-09-21,0.584,35.95,0.589,35.0
2018-09-22,0.567,35.439,0.57,35.0
2018-09-23,0.549,34.931,0.555,35.0
2018-09-24,0.533,34.45,0.543,35.0
2018-09-25,0.519,34.018,0.534,35.0
2018-09-26,0.507,33.664,0.52,35.0
2018-09-27,0.495,33.308,0.507,35.0
2018-09-28,0.483,32.967,0.496,35.0
2018-09-29,0.474,32.68,0.488,35.0
2018-09-30,0.464,32.394,0.486,35.0
2018-10-01,0.456,32.148,0.483,35.0
2018-10-02,0.449,31.959,0.479,35.0
2018-10-03,0.445,31.814,0.477,35.0
2018-10-04,0.489,33.064,0.495,35.0
2018-10-05,0.482,32.86,0.486,35.0
2018-10-06,0.548,34.751,0.543,35.0
2018-10-07,0.597,36.213,0.597,35.0
2018-10-08,0.79,41.973,0.833,34.0
2018-10-09,0.885,44.852,0.927,35.0
2018-10-10,0.927,46.198,0.947,35.0
2018-10-11,0.918,45.926,0.909,35.0
2018-10-12,0.905,45.571,0.897,35.0
2018-10-13,0.894,45.251,0.901,35.0
2018-10-14,0.887,45.072,0.897,35.0
2018-10-15,0.89,45.157,0.916,35.0
2018-10-16,0.881,44.892,0.897,35.0
2018-10-17,0.872,44.624,0.878,35.0
2018-10-18,0.861,44.288,0.86,35.0
2018-10-19,0.848,43.916,0.85,35.0
2018-10-20,0.835,43.527,0.84,35.0
2018-10-21,0.822,43.153,0.828,35.0
2018-10-22,0.81,42.794,0.818,35.0
2018-10-23,0.798,42.458,0.81,35.0
2018-10-24,0.788,42.149,0.802,35.0
2018-10-25,0.81,42.843,0.847,35.0
2018-10-26,0.809,42.814,0.856,35.0
2018-10-27,0.809,42.811,0.844,35.0
2018-10-28,0.809,42.79,0.833,35.0
2018-10-29,0.805,42.694,0.821,35.0
2018-10-30,0.8,42.542,0.818,35.0
2018-10-31,0.795,42.379,0.812,35.0
2018-11-01,0.789,42.193,0.804,35.0
2018-11-02,0.782,42.007,0.8,35.0
2018-11-03,0.776,41.812,0.793,35.0
2018-11-04,0.772,41.694,0.792,35.0
2018-11-05,0.766,41.527,0.788,35.0
2018-11-06,0.762,41.391,0.791,35.0
2018-11-07,0.758,41.269,0.787,35.0
2018-11-08,0.754,41.163,0.779,35.0
2018-11-09,0.758,41.271,0.788,34.0
2018-11-10,0.755,41.174,0.789,33.0
2018-11-11,0.752,41.089,0.78,35.0
2018-11-12,0.752,41.067,0.782,35.0
2018-11-13,0.749,40.99,0.787,30.0
2018-11-14,0.747,40.937,0.79,30.0
2018-11-15,0.746,40.888,0.778,35.0
2018-11-16,0.745,40.859,0.777,35.0
2018-11-17,0.744,40.835,0.775,35.0
2018-11-18,0.742,40.796,0.771,33.0
2018-11-19,0.74,40.736,0.766,31.0
2018-11-20,0.739,40.697,0.763,33.0
2018-11-21,0.735,40.591,0.755,34.0
2018-11-22,0.732,40.482,0.754,35.0
2018-11-23,0.729,40.387,0.754,35.0
2018-11-24,0.726,40.306,0.751,35.0
2018-11-25,0.73,40.431,0.748,35.0
2018-11-26,0.738,40.657,0.748,32.0
2018-11-27,0.734,40.538,0.747,32.0
2018-11-28,0.729,40.41,0.741,35.0
2018-11-29,0.726,40.318,0.743,35.0
2018-11-30,0.725,40.282,0.753,35.0
2018-12-01,0.808,42.697,0.841,35.0
2018-12-02,0.817,42.967,0.844,35.0
2018-12-03,0.819,43.037,0.838,33.0
2018-12-04,0.819,43.041,0.817,29.0
2018-12-05,0.817,42.992,0.821,22.0
2018-12-06,0.812,42.834,0.793,26.0
2018-12-07,0.804,42.616,0.793,22.0
2018-12-08,0.797,42.396,0.78,19.0
2018-12-09,0.789,42.183,0.766,14.0
2018-12-10,0.782,41.962,0.759,14.0
2018-12-11,0.776,41.79,0.758,13.0
2018-12-12,0.771,41.646,0.741,16.0
2018-12-13,0.765,41.468,0.738,24.0
2018-12-14,0.76,41.318,0.747,22.0
2018-12-15,0.755,41.175,0.76,18.0
2018-12-16,0.752,41.069,0.747,19.0
2018-12-17,0.75,41.014,0.743,22.0
2018-12-18,0.746,40.888,0.73,31.0
2018-12-19,0.743,40.802,0.748,29.0
2018-12-20,0.741,40.737,0.742,33.0
2018-12-21,0.739,40.679,0.75,27.0
2018-12-22,0.737,40.611,0.743,30.0
2018-12-23,0.736,40.58,0.741,30.0
2018-12-24,0.734,40.538,0.735,28.0
2018-12-25,0.733,40.493,0.739,26.0
2018-12-26,0.745,40.854,0.742,34.0
2018-12-27,0.91,45.75,0.931,35.0
2018-12-28,0.907,45.669,0.897,29.0
2018-12-29,0.905,45.61,0.867,15.0
2018-12-30,0.896,45.368,0.868,12.0
2018-12-31,0.896,45.372,0.855,13.0
2019-01-01,0.894,45.315,0.861,11.0
2019-01-02,0.887,45.092,0.861,7.0
2019-01-03,0.878,44.829,0.892,5.0
2019-01-04,0.871,44.646,0.902,5.0
2019-01-05,0.868,44.55,0.886,6.0
2019-01-06,0.862,44.365,0.827,14.0
2019-01-07,0.858,44.249,0.825,21.0
2019-01-08,0.853,44.12,0.823,22.0
2019-01-09,0.848,43.992,0.793,20.0
2019-01-10,0.843,43.846,0.799,18.0
2019-01-11,0.833,43.529,0.801,23.0
2019-01-12,0.901,45.532,0.894,24.0
2019-01-13,0.896,45.387,0.894,23.0
2019-01-14,0.894,45.306,0.89,23.0
2019-01-15,0.893,45.277,0.886,21.0
2019-01-16,0.893,45.258,0.894,19.0
2019-01-17,0.892,45.253,0.891,20.0
2019-01-18,0.891,45.207,0.891,27.0
2019-01-19,0.895,45.307,0.9,19.0
2019-01-20,0.892,45.208,0.864,10.0
2019-01-21,0.889,45.122,0.859,10.0
2019-01-22,0.882,44.916,0.872,13.0
2019-01-23,0.88,44.85,0.86,8.0
2019-01-24,0.875,44.723,0.864,6.0
2019-01-25,0.873,44.648,0.814,3.0
2019-01-26,0.872,44.618,0.673,1.0
2019-01-27,0.87,44.56,0.82,4.0
2019-01-28,0.863,44.37,0.849,13.0
2019-01-29,0.857,44.181,0.819,5.0
2019-01-30,0.851,43.995,0.788,3.0
2019-01-31,0.849,43.933,0.668,1.0
2019-02-01,0.845,43.822,0.668,1.0
2019-02-02,0.841,43.703,0.816,10.0
2019-02-03,0.83,43.381,0.81,17.0
2019-02-04,0.823,43.174,0.819,29.0
2019-02-05,0.817,42.971,0.813,19.0
2019-02-06,0.811,42.793,0.805,13.0
2019-02-07,0.812,42.821,0.815,10.0
2019-02-08,0.808,42.721,0.917,2.0
2019-02-09,0.804,42.594,,
2019-02-10,0.8,42.478,0.658,1.0
2019-02-11,0.799,42.461,0.768,6.0
2019-02-12,0.801,42.502,0.816,8.0
2019-02-13,0.801,42.502,0.809,9.0
2019-02-14,0.799,42.437,0.816,16.0
2019-02-15,0.795,42.313,0.804,17.0
2019-02-16,0.791,42.206,0.787,8.0
2019-02-17,0.787,42.073,0.787,4.0
2019-02-18,0.783,41.962,0.782,3.0
2019-02-19,0.782,41.933,0.769,2.0
2019-02-20,0.789,42.113,0.802,4.0
2019-02-21,0.787,42.056,0.826,4.0
2019-02-22,0.787,42.056,0.82,9.0
2019-02-23,0.798,42.38,0.843,13.0
2019-02-24,0.837,43.55,0.893,9.0
2019-02-25,0.836,43.515,0.863,10.0
2019-02-26,0.838,43.568,0.856,11.0
2019-02-27,0.838,43.571,0.853,10.0
2019-02-28,0.837,43.545,0.86,4.0
2019-03-01,0.834,43.444,0.84,3.0
2019-03-02,0.831,43.365,0.86,8.0
2019-03-03,0.834,43.45,0.846,7.0
2019-03-04,0.831,43.354,0.677,1.0
2019-03-05,0.826,43.221,,
2019-03-06,0.821,43.065,,
2019-03-07,0.818,42.974,0.849,3.0
2019-03-08,0.814,42.856,0.824,9.0
2019-03-09,0.814,42.869,0.852,12.0
2019-03-10,0.811,42.767,0.845,15.0
2019-03-11,0.807,42.66,0.841,16.0
2019-03-12,0.803,42.547,0.835,23.0
2019-03-13,0.879,44.806,0.937,33.0
2019-03-14,0.906,45.617,0.934,32.0
2019-03-15,0.91,45.763,0.894,26.0
2019-03-16,0.908,45.699,0.884,29.0
2019-03-17,0.895,45.334,0.865,32.0
2019-03-18,0.883,44.96,0.859,33.0
2019-03-19,0.871,44.61,0.854,36.0
2019-03-20,0.862,44.355,0.856,35.0
2019-03-21,0.853,44.074,0.843,35.0
2019-03-22,0.845,43.834,0.839,37.0
2019-03-23,0.868,44.55,0.905,37.0
2019-03-24,0.868,44.579,0.9,37.0
2019-03-25,0.865,44.488,0.887,37.0
2019-03-26,0.86,44.332,0.874,37.0
2019-03-27,0.852,44.107,0.863,37.0
2019-03-28,0.843,43.837,0.853,37.0
2019-03-29,0.847,43.926,0.859,37.0
2019-03-30,0.862,44.337,0.889,37.0
2019-03-31,0.857,44.183,0.881,37.0
2019-04-01,0.853,44.056,0.869,37.0
2019-04-02,0.847,43.887,0.856,37.0
2019-04-03,0.84,43.661,0.845,37.0
2019-04-04,0.835,43.529,0.843,37.0
2019-04-05,0.827,43.285,0.841,37.0
2019-04-06,0.819,43.037,0.835,37.0
2019-04-07,0.828,43.302,0.855,37.0
2019-04-08,0.82,43.059,0.843,37.0
2019-04-09,0.811,42.79,0.829,37.0
2019-04-10,0.8,42.47,0.813,37.0
2019-04-11,0.79,42.171,0.795,37.0
2019-04-12,0.776,41.745,0.778,37.0
2019-04-13,0.761,41.299,0.768,37.0
2019-04-14,0.747,40.893,0.759,37.0
2019-04-15,0.734,40.488,0.751,37.0
2019-04-16,0.721,40.122,0.743,37.0
2019-04-17,0.71,39.794,0.734,37.0
2019-04-18,0.74,40.625,0.773,37.0
2019-04-19,0.728,40.291,0.754,37.0
2019-04-20,0.716,39.93,0.739,37.0
2019-04-21,0.703,39.528,0.724,37.0
2019-04-22,0.695,39.284,0.717,37.0
2019-04-23,0.68,38.861,0.705,37.0
2019-04-24,0.674,38.67,0.706,37.0
2019-04-25,0.662,38.301,0.698,37.0
2019-04-26,0.651,37.961,0.686,37.0
2019-04-27,0.64,37.637,0.675,37.0
2019-04-28,0.629,37.294,0.658,37.0
2019-04-29,0.687,38.987,0.707,37.0
2019-04-30,0.699,39.316,0.712,37.0
2019-05-01,0.735,40.341,0.766,37.0
2019-05-02,0.73,40.18,0.782,37.0
2019-05-03,0.726,40.068,0.776,37.0
2019-05-04,0.725,40.056,0.779,37.0
2019-05-05,0.72,39.912,0.763,37.0
2019-05-06,0.732,40.235,0.767,37.0
2019-05-07,0.805,42.446,0.856,37.0
2019-05-08,0.884,44.824,0.98,37.0
2019-05-09,0.899,45.294,0.988,37.0
2019-05-10,0.897,45.274,0.96,37.0
2019-05-11,0.893,45.155,0.942,37.0
2019-05-12,0.886,44.972,0.935,37.0
2019-05-13,0.873,44.58,0.907,37.0
2019-05-14,0.856,44.093,0.88,37.0
2019-05-15,0.837,43.508,0.857,37.0
2019-05-16,0.815,42.854,0.832,37.0
2019-05-17,0.791,42.156,0.804,37.0
2019-05-18,0.781,41.834,0.784,37.0
2019-05-19,0.838,43.496,0.851,36.0
2019-05-20,0.82,42.939,0.826,36.0
2019-05-21,0.909,45.611,1.001,36.0
2019-05-22,0.928,46.237,0.999,36.0
2019-05-23,0.914,45.83,0.942,37.0
2019-05-24,0.94,46.668,1.016,37.0
2019-05-25,0.945,46.797,0.987,37.0
2019-05-26,0.949,46.927,0.997,36.0
2019-05-27,0.966,47.463,1.021,35.0
2019-05-28,0.952,47.056,0.98,36.0
2019-05-29,0.942,46.752,0.962,36.0
2019-05-30,0.919,46.071,0.928,36.0
2019-05-31,0.893,45.299,0.895,36.0
2019-06-01,0.866,44.484,0.872,36.0
2019-06-02,0.845,43.854,0.852,36.0
2019-06-03,0.819,43.088,0.83,36.0
2019-06-04,0.806,42.686,0.84,37.0
2019-06-05,0.782,41.986,0.81,37.0
2019-06-06,0.779,41.862,0.802,37.0
2019-06-07,0.763,41.36,0.782,36.0
2019-06-08,0.74,40.655,0.759,37.0
2019-06-09,0.762,41.345,0.769,37.0
2019-06-10,0.739,40.666,0.745,37.0
2019-06-11,0.717,39.995,0.718,37.0
2019-06-12,0.712,39.829,0.708,37.0
2019-06-13,0.688,39.119,0.685,37.0
2019-06-14,0.667,38.493,0.662,38.0
2019-06-15,0.664,38.379,0.667,38.0
2019-06-16,0.672,38.583,0.692,38.0
2019-06-17,0.661,38.293,0.686,38.0
2019-06-18,0.661,38.316,0.684,38.0
2019-06-19,0.716,39.913,0.755,38.0
2019-06-20,0.702,39.507,0.735,38.0
2019-06-21,0.713,39.838,0.737,38.0
2019-06-22,0.737,40.514,0.766,38.0
2019-06-23,0.821,42.947,0.864,37.0
2019-06-24,0.806,42.517,0.838,38.0
2019-06-25,0.785,41.891,0.801,38.0
2019-06-26,0.774,41.561,0.8,38.0
2019-06-27,0.749,40.835,0.767,38.0
2019-06-28,0.725,40.105,0.737,38.0
2019-06-29,0.699,39.338,0.71,38.0
2019-06-30,0.672,38.561,0.68,38.0
2019-07-01,0.646,37.788,0.654,38.0
2019-07-02,0.626,37.188,0.63,38.0
2019-07-03,0.62,36.997,0.629,38.0
2019-07-04,0.632,37.303,0.651,38.0
2019-07-05,0.626,37.117,0.653,38.0
2019-07-06,0.66,38.153,0.686,38.0
2019-07-07,0.65,37.846,0.673,38.0
2019-07-08,0.642,37.616,0.679,38.0
2019-07-09,0.662,38.256,0.685,38.0
2019-07-10,0.649,37.902,0.676,38.0
2019-07-11,0.637,37.529,0.65,39.0
2019-07-12,0.619,36.984,0.63,39.0
2019-07-13,0.6,36.434,0.61,39.0
2019-07-14,0.582,35.878,0.59,39.0
2019-07-15,0.563,35.323,0.572,39.0
2019-07-16,0.545,34.796,0.554,39.0
2019-07-17,0.528,34.292,0.542,39.0
2019-07-18,0.512,33.813,0.521,39.0
2019-07-19,0.494,33.287,0.499,39.0
2019-07-20,0.476,32.747,0.477,39.0
2019-07-21,0.477,32.804,0.497,39.0
2019-07-22,0.489,33.159,0.506,39.0
2019-07-23,0.474,32.731,0.487,39.0
2019-07-24,0.459,32.293,0.468,39.0
2019-07-25,0.444,31.841,0.451,39.0
2019-07-26,0.429,31.408,0.436,39.0
2019-07-27,0.414,30.959,0.42,39.0
2019-07-28,0.4,30.535,0.405,39.0
2019-07-29,0.395,30.393,0.397,39.0
2019-07-30,0.382,30.004,0.387,39.0
2019-07-31,0.37,29.645,0.377,39.0
2019-08-01,0.4,30.502,0.427,39.0
2019-08-02,0.443,31.741,0.459,39.0
2019-08-03,0.455,32.057,0.506,39.0
2019-08-04,0.449,31.899,0.497,39.0
2019-08-05,0.443,31.71,0.485,39.0
2019-08-06,0.437,31.52,0.482,39.0
2019-08-07,0.445,31.75,0.483,39.0
2019-08-08,0.521,33.981,0.553,39.0
2019-08-09,0.536,34.417,0.566,39.0
2019-08-10,0.529,34.21,0.567,39.0
2019-08-11,0.577,35.726,0.607,39.0
2019-08-12,0.612,36.843,0.633,39.0
2019-08-13,0.609,36.745,0.609,39.0
2019-08-14,0.639,37.684,0.629,39.0
2019-08-15,0.625,37.262,0.61,39.0
2019-08-16,0.632,37.43,0.628,39.0
2019-08-17,0.651,37.966,0.672,39.0
2019-08-18,0.675,38.668,0.69,39.0
2019-08-19,0.658,38.14,0.667,39.0
2019-08-20,0.64,37.597,0.645,39.0
2019-08-21,0.639,37.561,0.632,39.0
2019-08-22,0.651,37.907,0.647,39.0
2019-08-23,0.641,37.632,0.638,39.0
2019-08-24,0.663,38.33,0.664,39.0
2019-08-25,0.752,40.937,0.772,39.0
2019-08-26,0.755,41.0,0.75,39.0
2019-08-27,0.749,40.82,0.732,39.0
2019-08-28,0.733,40.325,0.714,39.0
2019-08-29,0.715,39.795,0.692,39.0
2019-08-30,0.761,41.132,0.753,39.0
2019-08-31,0.759,41.114,0.733,39.0
2019-09-01,0.746,40.733,0.721,39.0
2019-09-02,0.729,40.243,0.705,39.0
2019-09-03,0.713,39.764,0.686,39.0
2019-09-04,0.697,39.279,0.668,39.0
2019-09-05,0.68,38.787,0.652,39.0
2019-09-06,0.663,38.287,0.632,39.0
2019-09-07,0.646,37.785,0.616,39.0
2019-09-08,0.635,37.454,0.604,39.0
2019-09-09,0.627,37.237,0.609,39.0
2019-09-10,0.616,36.915,0.594,39.0
2019-09-11,0.602,36.516,0.581,39.0
2019-09-12,0.59,36.144,0.561,39.0
2019-09-13,0.607,36.632,0.583,39.0
2019-09-14,0.591,36.161,0.558,41.0
2019-09-15,0.577,35.721,0.547,41.0
2019-09-16,0.562,35.293,0.532,41.0
2019-09-17,0.549,34.881,0.519,41.0
2019-09-18,0.535,34.473,0.506,41.0
2019-09-19,0.522,34.072,0.493,41.0
2019-09-20,0.514,33.872,0.497,41.0
2019-09-21,0.502,33.508,0.488,41.0
2019-09-22,0.589,36.024,0.568,41.0
2019-09-23,0.59,36.058,0.576,41.0
2019-09-24,0.578,35.708,0.563,41.0
2019-09-25,0.596,36.212,0.584,41.0
2019-09-26,0.592,36.089,0.572,41.0
2019-09-27,0.582,35.796,0.56,41.0
2019-09-28,0.585,35.882,0.568,41.0
2019-09-29,0.598,36.242,0.579,41.0
2019-09-30,0.588,35.933,0.575,41.0
2019-10-01,0.58,35.695,0.567,41.0
2019-10-02,0.624,37.027,0.625,41.0
2019-10-03,0.654,37.885,0.665,41.0
2019-10-04,0.652,37.814,0.654,41.0
2019-10-05,0.671,38.382,0.678,41.0
2019-10-06,0.674,38.441,0.673,41.0
2019-10-07,0.666,38.223,0.657,41.0
2019-10-08,0.657,37.94,0.643,41.0
2019-10-09,0.649,37.707,0.637,41.0
2019-10-10,0.652,37.776,0.647,41.0
2019-10-11,0.642,37.477,0.631,41.0
2019-10-12,0.631,37.156,0.615,41.0
2019-10-13,0.619,36.821,0.607,41.0
2019-10-14,0.608,36.493,0.599,41.0
2019-10-15,0.599,36.202,0.595,41.0
2019-10-16,0.59,35.944,0.586,41.0
2019-10-17,0.582,35.714,0.579,41.0
2019-10-18,0.575,35.503,0.575,41.0
2019-10-19,0.572,35.433,0.575,41.0
2019-10-20,0.567,35.271,0.569,41.0
2019-10-21,0.571,35.376,0.568,41.0
2019-10-22,0.565,35.212,0.558,41.0
2019-10-23,0.559,35.033,0.551,41.0
2019-10-24,0.552,34.838,0.544,41.0
2019-10-25,0.555,34.907,0.541,41.0
2019-10-26,0.548,34.701,0.537,41.0
2019-10-27,0.541,34.506,0.533,41.0
2019-10-28,0.535,34.326,0.526,41.0
2019-10-29,0.529,34.152,0.529,40.0
2019-10-30,0.532,34.211,0.52,41.0
2019-10-31,0.526,34.033,0.577,34.0
2019-11-01,0.52,33.853,0.525,39.0
2019-11-02,0.515,33.704,0.551,36.0
2019-11-03,0.51,33.571,0.506,41.0
2019-11-04,0.507,33.469,0.506,41.0
2019-11-05,0.504,33.389,0.504,41.0
2019-11-06,0.502,33.327,0.502,41.0
2019-11-07,0.501,33.29,0.5,41.0
2019-11-08,0.498,33.22,0.495,40.0
2019-11-09,0.495,33.137,0.49,41.0
2019-11-10,0.492,33.053,0.492,41.0
2019-11-11,0.49,32.983,0.489,41.0
2019-11-12,0.488,32.919,0.585,24.0
2019-11-13,0.485,32.833,0.49,35.0
2019-11-14,0.481,32.711,0.474,41.0
2019-11-15,0.477,32.604,0.473,41.0
2019-11-16,0.474,32.523,0.474,41.0
2019-11-17,0.473,32.473,0.475,41.0
2019-11-18,0.472,32.448,0.473,41.0
2019-11-19,0.471,32.434,0.472,41.0
2019-11-20,0.471,32.421,0.472,41.0
2019-11-21,0.482,32.759,0.488,41.0
2019-11-22,0.483,32.769,0.486,41.0
2019-11-23,0.484,32.804,0.484,40.0
2019-11-24,0.483,32.785,0.481,41.0
2019-11-25,0.482,32.757,0.48,41.0
2019-11-26,0.481,32.728,0.478,41.0
2019-11-27,0.483,32.782,0.532,34.0
2019-11-28,0.481,32.736,0.474,40.0
2019-11-29,0.483,32.774,0.484,41.0
2019-11-30,0.494,33.105,0.515,41.0
2019-12-01,0.499,33.248,0.538,37.0
2019-12-02,0.505,33.424,0.599,30.0
2019-12-03,0.508,33.545,0.552,34.0
2019-12-04,0.51,33.601,0.53,37.0
2019-12-05,0.511,33.629,0.531,35.0
2019-12-06,0.512,33.668,0.511,40.0
2019-12-07,0.513,33.694,0.515,38.0
2019-12-08,0.513,33.693,0.499,41.0
2019-12-09,0.512,33.683,0.5,41.0
2019-12-10,0.512,33.668,0.581,27.0
2019-12-11,0.511,33.647,0.586,20.0
2019-12-12,0.508,33.566,0.498,36.0
2019-12-13,0.505,33.471,0.528,33.0
2019-12-14,0.504,33.429,0.494,39.0
2019-12-15,0.503,33.41,0.502,37.0
2019-12-16,0.506,33.487,0.499,37.0
2019-12-17,0.503,33.396,0.609,26.0
2019-12-18,0.5,33.311,0.634,21.0
2019-12-19,0.498,33.271,0.637,21.0
2019-12-20,0.496,33.215,0.587,26.0
2019-12-21,0.496,33.193,0.655,22.0
2019-12-22,0.496,33.208,0.629,25.0
2019-12-23,0.498,33.247,0.606,27.0
2019-12-24,0.502,33.369,0.495,38.0
2019-12-25,0.506,33.493,0.504,39.0
2019-12-26,0.509,33.596,0.514,38.0
2019-12-27,0.512,33.667,0.569,31.0
2019-12-28,0.599,36.321,0.584,39.0
2019-12-29,0.668,38.293,0.69,39.0
2019-12-30,0.673,38.467,0.76,31.0
2019-12-31,0.678,38.626,0.785,27.0
2020-01-01,0.68,38.675,0.766,24.0
2020-01-02,0.677,38.603,0.767,27.0
2020-01-03,0.674,38.498,0.766,28.0
2020-01-04,0.671,38.412,0.698,32.0
2020-01-05,0.667,38.308,0.678,33.0
2020-01-06,0.663,38.189,0.725,30.0
2020-01-07,0.659,38.066,0.739,28.0
2020-01-08,0.657,38.013,0.721,28.0
2020-01-09,0.652,37.873,0.669,34.0
2020-01-10,0.652,37.864,0.677,34.0
2020-01-11,0.682,38.723,0.764,19.0
2020-01-12,0.679,38.641,0.753,12.0
2020-01-13,0.673,38.465,0.794,11.0
2020-01-14,0.667,38.293,0.76,15.0
2020-01-15,0.662,38.144,0.772,25.0
2020-01-16,0.658,38.018,0.754,17.0
2020-01-17,0.667,38.273,0.765,14.0
2020-01-18,0.676,38.538,0.691,23.0
2020-01-19,0.68,38.657,0.787,15.0
2020-01-20,0.684,38.784,0.719,10.0
2020-01-21,0.683,38.746,0.639,7.0
2020-01-22,0.698,39.191,0.56,15.0
2020-01-23,0.701,39.292,0.608,20.0
2020-01-24,0.705,39.396,0.706,18.0
2020-01-25,0.708,39.499,0.641,19.0
2020-01-26,0.711,39.585,0.638,21.0
2020-01-27,0.713,39.635,0.646,28.0
2020-01-28,0.723,39.954,0.661,31.0
2020-01-29,0.73,40.136,0.721,26.0
2020-01-30,0.729,40.112,0.732,28.0
2020-01-31,0.731,40.183,0.715,30.0
2020-02-01,0.733,40.241,0.735,28.0
2020-02-02,0.734,40.286,0.714,38.0
2020-02-03,0.735,40.307,0.712,40.0
2020-02-04,0.734,40.283,0.721,37.0
2020-02-05,0.731,40.217,0.793,20.0
2020-02-06,0.727,40.091,0.781,15.0
2020-02-07,0.719,39.856,0.781,18.0
2020-02-08,0.712,39.636,0.777,19.0
2020-02-09,0.706,39.469,0.68,33.0
2020-02-10,0.701,39.316,0.748,25.0
2020-02-11,0.696,39.179,0.698,35.0
2020-02-12,0.692,39.062,0.706,35.0
2020-02-13,0.697,39.19,0.743,19.0
2020-02-14,0.693,39.065,0.734,12.0
2020-02-15,0.686,38.879,0.679,11.0
2020-02-16,0.685,38.849,0.684,18.0
2020-02-17,0.686,38.87,0.706,32.0
2020-02-18,0.688,38.913,0.697,38.0
2020-02-19,0.689,38.935,0.69,38.0
2020-02-20,0.688,38.919,0.702,32.0
2020-02-21,0.686,38.857,0.712,20.0
2020-02-22,0.684,38.778,0.705,27.0
2020-02-23,0.681,38.711,0.674,39.0
2020-02-24,0.786,41.814,0.781,40.0
2020-02-25,0.79,41.954,0.794,40.0
2020-02-26,0.792,42.036,0.805,35.0
2020-02-27,0.791,42.026,0.799,33.0
2020-02-28,0.786,41.864,0.782,35.0
2020-02-29,0.779,41.672,0.765,39.0
2020-03-01,0.773,41.486,0.746,41.0
2020-03-02,0.766,41.297,0.742,41.0
2020-03-03,0.759,41.106,0.736,41.0
2020-03-04,0.753,40.918,0.732,41.0
2020-03-05,0.747,40.736,0.727,41.0
2020-03-06,0.74,40.552,0.72,41.0
2020-03-07,0.734,40.369,0.716,41.0
2020-03-08,0.728,40.189,0.713,41.0
2020-03-09,0.759,41.073,0.753,41.0
2020-03-10,0.761,41.153,0.763,41.0
2020-03-11,0.769,41.382,0.765,41.0
2020-03-12,0.767,41.31,0.761,41.0
2020-03-13,0.763,41.194,0.751,41.0
2020-03-14,0.78,41.697,0.77,41.0
2020-03-15,0.776,41.57,0.775,41.0
2020-03-16,0.776,41.572,0.776,41.0
2020-03-17,0.774,41.524,0.777,41.0
2020-03-18,0.777,41.614,0.781,41.0
2020-03-19,0.781,41.731,0.788,41.0
2020-03-20,0.781,41.734,0.785,41.0
2020-03-21,0.778,41.644,0.768,41.0
2020-03-22,0.782,41.774,0.773,41.0
2020-03-23,0.778,41.646,0.783,41.0
2020-03-24,0.791,42.01,0.792,41.0
2020-03-25,0.787,41.913,0.789,41.0
2020-03-26,0.783,41.801,0.779,41.0
2020-03-27,0.78,41.704,0.774,41.0
2020-03-28,0.779,41.697,0.775,41.0
2020-03-29,0.773,41.529,0.763,41.0
2020-03-30,0.765,41.298,0.751,41.0
2020-03-31,0.766,41.355,0.76,41.0
2020-04-01,0.758,41.113,0.752,41.0
2020-04-02,0.75,40.887,0.743,41.0
2020-04-03,0.742,40.644,0.729,41.0
2020-04-04,0.735,40.426,0.724,41.0
2020-04-05,0.725,40.142,0.719,41.0
2020-04-06,0.716,39.881,0.717,41.0
2020-04-07,0.709,39.654,0.713,41.0
2020-04-08,0.702,39.449,0.705,41.0
2020-04-09,0.694,39.229,0.691,41.0
2020-04-10,0.685,38.965,0.677,41.0
2020-04-11,0.675,38.658,0.668,41.0
2020-04-12,0.669,38.456,0.658,41.0
2020-04-13,0.664,38.326,0.659,43.0
2020-04-14,0.655,38.05,0.651,43.0
2020-04-15,0.645,37.768,0.643,43.0
2020-04-16,0.636,37.497,0.637,43.0
2020-04-17,0.653,37.96,0.659,43.0
2020-04-18,0.645,37.734,0.653,43.0
2020-04-19,0.64,37.573,0.648,43.0
2020-04-20,0.634,37.413,0.643,43.0
2020-04-21,0.627,37.207,0.634,43.0
2020-04-22,0.632,37.339,0.634,43.0
2020-04-23,0.657,38.067,0.663,43.0
2020-04-24,0.65,37.842,0.658,43.0
2020-04-25,0.676,38.582,0.7,43.0
2020-04-26,0.669,38.372,0.689,43.0
2020-04-27,0.662,38.163,0.678,43.0
2020-04-28,0.653,37.904,0.664,43.0
2020-04-29,0.65,37.802,0.654,43.0
2020-04-30,0.637,37.421,0.641,43.0
2020-05-01,0.623,37.007,0.628,43.0
2020-05-02,0.608,36.588,0.615,43.0
2020-05-03,0.598,36.264,0.6,43.0
2020-05-04,0.594,36.181,0.605,43.0
2020-05-05,0.61,36.635,0.631,43.0
2020-05-06,0.597,36.238,0.609,43.0
2020-05-07,0.583,35.827,0.594,43.0
2020-05-08,0.587,35.953,0.604,43.0
2020-05-09,0.574,35.546,0.589,43.0
2020-05-10,0.561,35.167,0.578,43.0
2020-05-11,0.549,34.804,0.567,43.0
2020-05-12,0.611,36.619,0.62,43.0
2020-05-13,0.602,36.333,0.613,43.0
2020-05-14,0.609,36.532,0.625,43.0
2020-05-15,0.622,36.889,0.625,43.0
2020-05-16,0.63,37.182,0.626,43.0
2020-05-17,0.62,36.887,0.618,43.0
2020-05-18,0.609,36.55,0.602,43.0
2020-05-19,0.596,36.186,0.59,43.0
2020-05-20,0.583,35.796,0.577,43.0
2020-05-21,0.569,35.4,0.567,43.0
2020-05-22,0.64,37.507,0.651,44.0
2020-05-23,0.651,37.795,0.664,44.0
2020-05-24,0.638,37.425,0.643,44.0
2020-05-25,0.695,39.148,0.688,44.0
2020-05-26,0.717,39.78,0.715,44.0
2020-05-27,0.704,39.374,0.703,44.0
2020-05-28,0.693,39.062,0.694,44.0
2020-05-29,0.684,38.79,0.678,44.0
2020-05-30,0.668,38.307,0.656,44.0
2020-05-31,0.65,37.777,0.636,44.0
2020-06-01,0.63,37.205,0.614,44.0
2020-06-02,0.61,36.605,0.592,44.0
2020-06-03,0.59,36.02,0.576,44.0
2020-06-04,0.583,35.807,0.57,44.0
2020-06-05,0.568,35.345,0.563,44.0
2020-06-06,0.548,34.762,0.542,44.0
2020-06-07,0.529,34.2,0.521,44.0
2020-06-08,0.51,33.624,0.499,44.0
2020-06-09,0.49,33.037,0.478,44.0
2020-06-10,0.517,33.907,0.494,44.0
2020-06-11,0.495,33.274,0.472,44.0
2020-06-12,0.475,32.659,0.453,44.0
2020-06-13,0.454,32.057,0.435,44.0
2020-06-14,0.434,31.474,0.416,44.0
2020-06-15,0.415,30.911,0.398,44.0
2020-06-16,0.397,30.37,0.382,44.0
2020-06-17,0.379,29.843,0.369,45.0
2020-06-18,0.363,29.348,0.354,45.0
2020-06-19,0.391,30.154,0.383,46.0
2020-06-20,0.429,31.268,0.425,46.0
2020-06-21,0.425,31.184,0.419,46.0
2020-06-22,0.461,32.246,0.436,46.0
2020-06-23,0.451,31.935,0.425,46.0
2020-06-24,0.438,31.557,0.408,46.0
2020-06-25,0.432,31.381,0.403,46.0
2020-06-26,0.418,30.967,0.383,46.0
2020-06-27,0.482,32.862,0.491,46.0
2020-06-28,0.479,32.765,0.482,46.0
2020-06-29,0.464,32.309,0.463,46.0
2020-06-30,0.447,31.819,0.442,46.0
2020-07-01,0.432,31.384,0.424,46.0
2020-07-02,0.418,30.967,0.412,46.0
2020-07-03,0.439,31.613,0.435,46.0
2020-07-04,0.432,31.414,0.435,46.0
2020-07-05,0.416,30.93,0.421,46.0
2020-07-06,0.403,30.528,0.41,46.0
2020-07-07,0.393,30.235,0.401,46.0
2020-07-08,0.379,29.809,0.385,46.0
2020-07-09,0.417,30.891,0.407,46.0
2020-07-10,0.423,31.059,0.424,46.0
2020-07-11,0.412,30.725,0.408,46.0
2020-07-12,0.402,30.436,0.399,46.0
2020-07-13,0.408,30.623,0.406,46.0
2020-07-14,0.416,30.906,0.41,46.0
2020-07-15,0.48,32.802,0.498,46.0
2020-07-16,0.48,32.815,0.505,46.0
2020-07-17,0.476,32.695,0.497,46.0
2020-07-18,0.465,32.397,0.486,47.0
2020-07-19,0.486,33.074,0.491,47.0
2020-07-20,0.495,33.322,0.48,46.0
2020-07-21,0.578,35.766,0.585,46.0
2020-07-22,0.565,35.389,0.561,47.0
2020-07-23,0.547,34.866,0.537,47.0
2020-07-24,0.53,34.383,0.516,47.0
2020-07-25,0.511,33.808,0.491,46.0
2020-07-26,0.492,33.243,0.469,46.0
2020-07-27,0.598,36.466,0.612,46.0
2020-07-28,0.607,36.725,0.615,46.0
2020-07-29,0.594,36.339,0.608,46.0
2020-07-30,0.661,38.286,0.673,46.0
2020-07-31,0.694,39.255,0.701,46.0
2020-08-01,0.675,38.684,0.67,47.0
2020-08-02,0.654,38.066,0.645,47.0
2020-08-03,0.634,37.48,0.626,47.0
2020-08-04,0.613,36.866,0.621,47.0
2020-08-05,0.594,36.303,0.605,47.0
2020-08-06,0.579,35.873,0.59,46.0
2020-08-07,0.565,35.451,0.582,47.0
2020-08-08,0.557,35.182,0.565,47.0
2020-08-09,0.54,34.704,0.542,47.0
2020-08-10,0.531,34.409,0.521,47.0
2020-08-11,0.526,34.264,0.517,47.0
2020-08-12,0.518,34.052,0.503,47.0
2020-08-13,0.507,33.696,0.492,47.0
2020-08-14,0.489,33.151,0.476,47.0
2020-08-15,0.476,32.763,0.469,47.0
2020-08-16,0.46,32.29,0.45,47.0
2020-08-17,0.46,32.283,0.467,48.0
2020-08-18,0.445,31.815,0.442,47.0
2020-08-19,0.43,31.367,0.429,48.0
2020-08-20,0.415,30.921,0.416,48.0
2020-08-21,0.401,30.492,0.401,49.0
2020-08-22,0.387,30.086,0.388,49.0
2020-08-23,0.373,29.651,0.372,49.0
2020-08-24,0.358,29.223,0.354,49.0
2020-08-25,0.344,28.792,0.339,49.0
2020-08-26,0.329,28.36,0.323,49.0
2020-08-27,0.315,27.942,0.311,49.0
2020-08-28,0.303,27.566,0.301,49.0
2020-08-29,0.358,29.251,0.348,49.0
2020-08-30,0.36,29.293,0.354,49.0
2020-08-31,0.35,29.002,0.345,49.0
2020-09-01,0.347,28.904,0.337,49.0
2020-09-02,0.34,28.69,0.332,49.0
2020-09-03,0.336,28.579,0.329,49.0
2020-09-04,0.327,28.309,0.314,49.0
2020-09-05,0.318,28.036,0.304,49.0
2020-09-06,0.308,27.736,0.295,49.0
2020-09-07,0.298,27.432,0.282,49.0
2020-09-08,0.288,27.143,0.271,49.0
2020-09-09,0.333,28.495,0.296,48.0
2020-09-10,0.42,31.007,0.393,49.0
2020-09-11,0.411,30.724,0.393,49.0
2020-09-12,0.4,30.415,0.393,49.0
2020-09-13,0.392,30.168,0.382,49.0
2020-09-14,0.384,29.945,0.372,49.0
2020-09-15,0.376,29.703,0.362,49.0
2020-09-16,0.367,29.441,0.353,49.0
2020-09-17,0.358,29.172,0.345,49.0
2020-09-18,0.349,28.901,0.336,49.0
2020-09-19,0.34,28.635,0.329,49.0
2020-09-20,0.331,28.377,0.321,49.0
2020-09-21,0.323,28.128,0.314,49.0
2020-09-22,0.315,27.89,0.307,49.0
2020-09-23,0.308,27.701,0.303,49.0
2020-09-24,0.301,27.48,0.297,49.0
2020-09-25,0.294,27.272,0.291,49.0
2020-09-26,0.287,27.072,0.284,49.0
2020-09-27,0.281,26.876,0.278,49.0
2020-09-28,0.286,27.031,0.28,49.0
2020-09-29,0.278,26.773,0.269,49.0
2020-09-30,0.268,26.493,0.263,49.0
2020-10-01,0.259,26.219,0.255,49.0
2020-10-02,0.25,25.964,0.247,49.0
2020-10-03,0.243,25.732,0.243,49.0
2020-10-04,0.235,25.521,0.236,49.0
2020-10-05,0.229,25.338,0.233,49.0
2020-10-06,0.224,25.18,0.23,49.0
2020-10-07,0.219,25.047,0.227,49.0
2020-10-08,0.215,24.933,0.224,49.0
2020-10-09,0.212,24.836,0.223,49.0
2020-10-10,0.209,24.751,0.219,49.0
2020-10-11,0.207,24.674,0.217,49.0
2020-10-12,0.204,24.596,0.213,49.0
2020-10-13,0.201,24.504,0.205,49.0
2020-10-14,0.197,24.392,0.2,49.0
2020-10-15,0.193,24.262,0.196,49.0
2020-10-16,0.188,24.12,0.188,49.0
2020-10-17,0.183,23.972,0.184,49.0
2020-10-18,0.178,23.825,0.182,49.0
2020-10-19,0.173,23.686,0.175,49.0
2020-10-20,0.169,23.552,0.171,49.0
2020-10-21,0.165,23.452,0.17,49.0
2020-10-22,0.162,23.356,0.171,49.0
2020-10-23,0.166,23.456,0.174,49.0
2020-10-24,0.163,23.368,0.165,49.0
2020-10-25,0.159,23.26,0.162,49.0
2020-10-26,0.156,23.171,0.154,49.0
2020-10-27,0.156,23.152,0.154,48.0
2020-10-28,0.163,23.362,0.169,47.0
2020-10-29,0.265,26.291,0.261,49.0
2020-10-30,0.261,26.16,0.255,49.0
2020-10-31,0.256,26.028,0.256,49.0
2020-11-01,0.252,25.909,0.253,49.0
2020-11-02,0.248,25.806,0.249,49.0
2020-11-03,0.245,25.714,0.25,49.0
2020-11-04,0.242,25.64,0.251,49.0
2020-11-05,0.241,25.593,0.252,49.0
2020-11-06,0.239,25.562,0.251,49.0
2020-11-07,0.239,25.549,0.254,49.0
2020-11-08,0.239,25.548,0.255,49.0
2020-11-09,0.239,25.565,0.257,49.0
2020-11-10,0.275,26.626,0.285,49.0
2020-11-11,0.276,26.662,0.278,49.0
2020-11-12,0.274,26.586,0.273,49.0
2020-11-13,0.269,26.463,0.281,45.0
2020-11-14,0.265,26.331,0.269,48.0
2020-11-15,0.261,26.2,0.264,49.0
2020-11-16,0.257,26.082,0.26,49.0
2020-11-17,0.254,25.984,0.258,49.0
2020-11-18,0.251,25.902,0.258,49.0
2020-11-19,0.249,25.85,0.261,49.0
2020-11-20,0.248,25.824,0.26,49.0
2020-11-21,0.248,25.818,0.259,49.0
2020-11-22,0.266,26.342,0.28,49.0
2020-11-23,0.265,26.331,0.275,49.0
2020-11-24,0.267,26.361,0.279,49.0
2020-11-25,0.362,29.1,0.375,49.0
2020-11-26,0.363,29.147,0.372,48.0
2020-11-27,0.365,29.2,0.371,47.0
2020-11-28,0.365,29.203,0.377,45.0
2020-11-29,0.364,29.172,0.354,49.0
2020-11-30,0.362,29.104,0.416,35.0
2020-12-01,0.359,29.014,0.418,35.0
2020-12-02,0.356,28.923,0.346,48.0
2020-12-03,0.373,29.418,0.37,47.0
2020-12-04,0.371,29.343,0.402,41.0
2020-12-05,0.37,29.31,0.382,45.0
2020-12-06,0.37,29.333,0.401,42.0
2020-12-07,0.371,29.367,0.392,43.0
2020-12-08,0.373,29.403,0.383,44.0
2020-12-09,0.372,29.379,0.368,46.0
2020-12-10,0.371,29.348,0.375,45.0
2020-12-11,0.369,29.293,0.355,49.0
2020-12-12,0.367,29.241,0.367,46.0
2020-12-13,0.369,29.297,0.371,45.0
2020-12-14,0.367,29.225,0.424,35.0
2020-12-15,0.364,29.154,0.424,34.0
2020-12-16,0.363,29.13,0.415,35.0
2020-12-17,0.362,29.089,0.431,31.0
2020-12-18,0.363,29.119,0.4,40.0
2020-12-19,0.363,29.141,0.404,41.0
2020-12-20,0.364,29.151,0.389,39.0
2020-12-21,0.365,29.184,0.379,43.0
2020-12-22,0.366,29.225,0.385,45.0
2020-12-23,0.368,29.27,0.37,49.0
2020-12-24,0.369,29.311,0.447,29.0
2020-12-25,0.37,29.349,0.422,22.0
2020-12-26,0.368,29.301,0.425,28.0
2020-12-27,0.367,29.271,0.407,36.0
2020-12-28,0.366,29.226,0.397,41.0
2020-12-29,0.367,29.265,0.382,44.0
2020-12-30,0.425,30.916,0.531,34.0
2020-12-31,0.427,30.97,0.55,23.0
2021-01-01,0.443,31.446,0.561,24.0
2021-01-02,0.447,31.555,0.562,24.0
2021-01-03,0.446,31.52,0.56,23.0
2021-01-04,0.445,31.506,0.502,33.0
2021-01-05,0.445,31.497,0.543,32.0
2021-01-06,0.444,31.454,0.452,47.0
2021-01-07,0.448,31.578,0.534,38.0
2021-01-08,0.448,31.561,0.481,44.0
2021-01-09,0.448,31.553,0.481,38.0
2021-01-10,0.447,31.511,0.487,37.0
2021-01-11,0.444,31.429,0.545,33.0
2021-01-12,0.443,31.38,0.566,26.0
2021-01-13,0.442,31.355,0.567,28.0
2021-01-14,0.441,31.352,0.452,48.0
2021-01-15,0.441,31.35,0.509,38.0
2021-01-16,0.441,31.352,0.55,27.0
2021-01-17,0.439,31.295,0.484,37.0
2021-01-18,0.435,31.176,0.441,40.0
2021-01-19,0.432,31.092,0.503,36.0
2021-01-20,0.43,31.037,0.538,27.0
2021-01-21,0.429,31.002,0.534,30.0
2021-01-22,0.428,30.985,0.528,35.0
2021-01-23,0.427,30.962,0.547,25.0
2021-01-24,0.425,30.877,0.487,38.0
2021-01-25,0.47,32.179,0.583,37.0
2021-01-26,0.484,32.586,0.614,34.0
2021-01-27,0.481,32.487,0.579,24.0
2021-01-28,0.478,32.409,0.62,21.0
2021-01-29,0.472,32.229,0.571,25.0
2021-01-30,0.473,32.258,0.576,37.0
2021-01-31,0.518,33.533,0.629,38.0
2021-02-01,0.517,33.497,0.644,31.0
2021-02-02,0.515,33.441,0.589,39.0
2021-02-03,0.516,33.498,0.563,45.0
2021-02-04,0.516,33.514,0.529,49.0
2021-02-05,0.516,33.519,0.558,44.0
2021-02-06,0.515,33.507,0.56,42.0
2021-02-07,0.513,33.456,0.655,21.0
2021-02-08,0.511,33.407,0.632,10.0
2021-02-09,0.506,33.283,0.62,7.0
2021-02-10,0.499,33.083,0.632,4.0
2021-02-11,0.491,32.854,0.706,3.0
2021-02-12,0.485,32.674,0.638,1.0
2021-02-13,0.481,32.561,0.632,1.0
2021-02-14,0.479,32.497,,
2021-02-15,0.477,32.438,,
2021-02-16,0.475,32.389,,
2021-02-17,0.474,32.359,,
2021-02-18,0.472,32.308,,
2021-02-19,0.471,32.256,,
2021-02-20,0.469,32.203,,
2021-02-21,0.467,32.149,,
2021-02-22,0.465,32.094,,
2021-02-23,0.461,31.986,0.282,1.0
2021-02-24,0.46,31.942,0.347,15.0
2021-02-25,0.46,31.952,0.466,18.0
2021-02-26,0.463,32.021,0.614,16.0
2021-02-27,0.465,32.081,0.613,22.0
2021-02-28,0.465,32.078,0.538,37.0
2021-03-01,0.464,32.063,0.661,22.0
2021-03-02,0.462,31.998,0.566,30.0
2021-03-03,0.461,31.947,0.467,44.0
2021-03-04,0.46,31.933,0.467,48.0
2021-03-05,0.478,32.485,0.496,50.0
2021-03-06,0.481,32.596,0.501,50.0
2021-03-07,0.485,32.735,0.502,50.0
2021-03-08,0.489,32.859,0.501,50.0
2021-03-09,0.492,32.948,0.501,50.0
2021-03-10,0.494,33.007,0.502,50.0
2021-03-11,0.504,33.312,0.508,50.0
2021-03-12,0.508,33.415,0.505,50.0
2021-03-13,0.553,34.732,0.549,50.0
2021-03-14,0.717,39.825,0.77,50.0
2021-03-15,0.751,40.833,0.787,50.0
2021-03-16,0.76,41.126,0.769,50.0
2021-03-17,0.803,42.402,0.805,50.0
2021-03-18,0.813,42.694,0.798,49.0
2021-03-19,0.806,42.485,0.768,50.0
2021-03-20,0.793,42.112,0.755,50.0
2021-03-21,0.777,41.649,0.741,50.0
2021-03-22,0.763,41.245,0.733,50.0
2021-03-23,0.858,44.125,0.854,50.0
2021-03-24,0.852,43.969,0.843,50.0
2021-03-25,0.848,43.862,0.837,50.0
2021-03-26,0.841,43.664,0.826,50.0
2021-03-27,0.838,43.564,0.828,50.0
2021-03-28,0.827,43.247,0.809,50.0
2021-03-29,0.815,42.888,0.793,50.0
2021-03-30,0.801,42.469,0.776,50.0
2021-03-31,0.785,42.014,0.759,50.0
2021-04-01,0.769,41.543,0.747,50.0
2021-04-02,0.754,41.088,0.738,50.0
2021-04-03,0.74,40.672,0.73,50.0
2021-04-04,0.727,40.304,0.722,50.0
2021-04-05,0.716,39.972,0.714,50.0
2021-04-06,0.706,39.665,0.705,50.0
2021-04-07,0.725,40.224,0.725,50.0
2021-04-08,0.735,40.512,0.751,50.0
2021-04-09,0.728,40.284,0.737,50.0
2021-04-10,0.733,40.415,0.738,49.0
2021-04-11,0.724,40.155,0.722,49.0
2021-04-12,0.713,39.833,0.704,49.0
2021-04-13,0.7,39.45,0.69,49.0
2021-04-14,0.686,39.033,0.678,49.0
2021-04-15,0.672,38.631,0.672,50.0
2021-04-16,0.675,38.716,0.668,49.0
2021-04-17,0.682,38.924,0.711,49.0
2021-04-18,0.675,38.712,0.706,50.0
2021-04-19,0.671,38.594,0.697,50.0
2021-04-20,0.67,38.58,0.686,50.0
2021-04-21,0.665,38.422,0.696,50.0
2021-04-22,0.659,38.26,0.687,50.0
2021-04-23,0.655,38.123,0.68,50.0
2021-04-24,0.658,38.216,0.685,50.0
2021-04-25,0.653,38.068,0.678,50.0
2021-04-26,0.647,37.905,0.666,50.0
2021-04-27,0.642,37.752,0.653,51.0
2021-04-28,0.637,37.609,0.645,51.0
2021-04-29,0.652,38.026,0.662,51.0
2021-04-30,0.643,37.753,0.647,51.0
2021-05-01,0.633,37.445,0.628,50.0
2021-05-02,0.621,37.08,0.612,50.0
2021-05-03,0.64,37.69,0.636,51.0
2021-05-04,0.635,37.549,0.631,51.0
2021-05-05,0.627,37.315,0.618,51.0
2021-05-06,0.616,37.013,0.609,51.0
2021-05-07,0.605,36.66,0.595,51.0
2021-05-08,0.597,36.429,0.587,51.0
2021-05-09,0.621,37.098,0.602,51.0
2021-05-10,0.606,36.661,0.592,52.0
2021-05-11,0.612,36.844,0.611,52.0
2021-05-12,0.6,36.49,0.615,52.0
2021-05-13,0.59,36.207,0.602,52.0
2021-05-14,0.59,36.217,0.598,52.0
2021-05-15,0.634,37.524,0.647,52.0
2021-05-16,0.675,38.731,0.721,52.0
2021-05-17,0.721,40.138,0.773,52.0
2021-05-18,0.734,40.58,0.793,52.0
2021-05-19,0.749,41.017,0.807,51.0
2021-05-20,0.758,41.276,0.808,52.0
2021-05-21,0.754,41.15,0.795,52.0
2021-05-22,0.74,40.721,0.772,52.0
2021-05-23,0.725,40.271,0.755,52.0
2021-05-24,0.721,40.183,0.746,51.0
2021-05-25,0.727,40.389,0.776,52.0
2021-05-26,0.718,40.102,0.762,52.0
2021-05-27,0.772,41.686,0.803,52.0
2021-05-28,0.767,41.505,0.778,51.0
2021-05-29,0.746,40.879,0.756,52.0
2021-05-30,0.743,40.846,0.756,52.0
2021-05-31,0.814,42.948,0.87,52.0
2021-06-01,0.813,42.896,0.875,52.0
2021-06-02,0.809,42.797,0.862,52.0
2021-06-03,0.8,42.52,0.833,52.0
2021-06-04,0.786,42.097,0.8,52.0
2021-06-05,0.766,41.504,0.766,52.0
2021-06-06,0.742,40.769,0.732,52.0
2021-06-07,0.715,39.959,0.706,52.0
2021-06-08,0.69,39.198,0.68,52.0
2021-06-09,0.662,38.353,0.646,52.0
2021-06-10,0.634,37.521,0.621,52.0
2021-06-11,0.607,36.7,0.592,52.0
2021-06-12,0.608,36.688,0.594,52.0
2021-06-13,0.581,35.894,0.57,52.0
2021-06-14,0.556,35.121,0.541,52.0
2021-06-15,0.53,34.364,0.515,52.0
2021-06-16,0.505,33.613,0.486,51.0
2021-06-17,0.48,32.868,0.461,52.0
2021-06-18,0.455,32.12,0.432,52.0
2021-06-19,0.43,31.379,0.408,52.0
2021-06-20,0.419,31.086,0.403,52.0
2021-06-21,0.411,30.839,0.393,52.0
2021-06-22,0.392,30.259,0.381,52.0
2021-06-23,0.373,29.705,0.364,52.0
2021-06-24,0.359,29.295,0.352,52.0
2021-06-25,0.391,30.258,0.384,52.0
2021-06-26,0.523,34.063,0.516,52.0
2021-06-27,0.52,33.989,0.513,52.0
2021-06-28,0.514,33.834,0.506,52.0
2021-06-29,0.53,34.308,0.531,52.0
2021-06-30,0.549,34.839,0.557,52.0
2021-07-01,0.577,35.674,0.573,51.0
2021-07-02,0.579,35.752,0.591,52.0
2021-07-03,0.568,35.422,0.569,52.0
2021-07-04,0.559,35.14,0.551,52.0
2021-07-05,0.548,34.832,0.529,51.0
2021-07-06,0.532,34.349,0.509,51.0
2021-07-07,0.532,34.392,0.517,52.0
2021-07-08,0.519,34.001,0.508,52.0
2021-07-09,0.501,33.467,0.489,52.0
2021-07-10,0.509,33.683,0.494,52.0
2021-07-11,0.501,33.427,0.489,51.0
2021-07-12,0.482,32.854,0.483,52.0
2021-07-13,0.464,32.322,0.465,52.0
2021-07-14,0.447,31.831,0.448,52.0
2021-07-15,0.471,32.52,0.469,52.0
2021-07-16,0.511,33.654,0.525,52.0
2021-07-17,0.503,33.412,0.526,52.0
2021-07-18,0.503,33.391,0.526,52.0
2021-07-19,0.508,33.571,0.54,52.0
2021-07-20,0.495,33.192,0.524,52.0
2021-07-21,0.483,32.836,0.507,52.0
2021-07-22,0.471,32.487,0.498,53.0
2021-07-23,0.458,32.103,0.477,53.0
2021-07-24,0.444,31.687,0.459,53.0
2021-07-25,0.433,31.365,0.441,53.0
2021-07-26,0.446,31.736,0.456,53.0
2021-07-27,0.436,31.448,0.443,53.0
2021-07-28,0.421,30.996,0.427,53.0
2021-07-29,0.405,30.539,0.409,53.0
2021-07-30,0.39,30.079,0.391,53.0
2021-07-31,0.374,29.604,0.37,53.0
2021-08-01,0.382,29.845,0.374,53.0
2021-08-02,0.364,29.32,0.36,53.0
2021-08-03,0.347,28.814,0.346,53.0
2021-08-04,0.331,28.355,0.333,53.0
2021-08-05,0.318,27.989,0.326,53.0
2021-08-06,0.307,27.659,0.316,53.0
2021-08-07,0.297,27.373,0.305,53.0
2021-08-08,0.327,28.227,0.332,53.0
2021-08-09,0.314,27.863,0.319,54.0
2021-08-10,0.307,27.673,0.324,55.0
2021-08-11,0.299,27.427,0.317,55.0
2021-08-12,0.289,27.145,0.304,55.0
2021-08-13,0.38,29.751,0.414,55.0
2021-08-14,0.37,29.463,0.4,55.0
2021-08-15,0.364,29.289,0.389,55.0
2021-08-16,0.369,29.441,0.382,55.0
2021-08-17,0.365,29.326,0.372,55.0
2021-08-18,0.357,29.077,0.362,55.0
2021-08-19,0.347,28.791,0.355,55.0
2021-08-20,0.339,28.568,0.349,55.0
2021-08-21,0.381,29.741,0.388,55.0
2021-08-22,0.372,29.481,0.377,55.0
2021-08-23,0.366,29.312,0.367,55.0
2021-08-24,0.356,29.012,0.354,55.0
2021-08-25,0.345,28.707,0.342,55.0
2021-08-26,0.339,28.545,0.342,55.0
2021-08-27,0.328,28.222,0.33,55.0
2021-08-28,0.317,27.89,0.32,55.0
2021-08-29,0.321,28.035,0.335,55.0
2021-08-30,0.346,28.744,0.355,55.0
2021-08-31,0.338,28.529,0.346,55.0
2021-09-01,0.338,28.51,0.349,55.0
2021-09-02,0.335,28.453,0.344,55.0
2021-09-03,0.413,30.72,0.42,55.0
2021-09-04,0.542,34.52,0.562,55.0
2021-09-05,0.547,34.679,0.564,55.0
2021-09-06,0.54,34.485,0.543,55.0
2021-09-07,0.53,34.207,0.524,55.0
2021-09-08,0.518,33.846,0.504,55.0
2021-09-09,0.503,33.4,0.486,55.0
2021-09-10,0.486,32.917,0.471,55.0
2021-09-11,0.47,32.429,0.456,55.0
2021-09-12,0.454,31.955,0.442,55.0
2021-09-13,0.44,31.545,0.426,55.0
2021-09-14,0.424,31.081,0.409,55.0
2021-09-15,0.439,31.493,0.419,55.0
2021-09-16,0.425,31.078,0.407,55.0
2021-09-17,0.412,30.706,0.394,55.0
2021-09-18,0.409,30.618,0.387,55.0
2021-09-19,0.397,30.25,0.375,55.0
2021-09-20,0.384,29.882,0.363,55.0
2021-09-21,0.375,29.615,0.35,55.0
2021-09-22,0.362,29.225,0.336,55.0
2021-09-23,0.349,28.83,0.325,55.0
2021-09-24,0.336,28.448,0.316,55.0
2021-09-25,0.324,28.091,0.306,55.0
2021-09-26,0.312,27.763,0.298,55.0
2021-09-27,0.302,27.46,0.289,55.0
2021-09-28,0.293,27.178,0.28,55.0
2021-09-29,0.284,26.916,0.274,55.0
2021-09-30,0.349,28.917,0.314,54.0
2021-10-01,0.355,29.103,0.334,55.0
2021-10-02,0.351,28.985,0.332,55.0
2021-10-03,0.353,29.044,0.337,55.0
2021-10-04,0.348,28.883,0.329,55.0
2021-10-05,0.342,28.723,0.32,55.0
2021-10-06,0.336,28.539,0.313,55.0
2021-10-07,0.33,28.341,0.308,55.0
2021-10-08,0.323,28.137,0.302,55.0
2021-10-09,0.316,27.94,0.298,55.0
2021-10-10,0.31,27.745,0.291,55.0
2021-10-11,0.431,31.205,0.397,54.0
2021-10-12,0.422,30.925,0.391,55.0
2021-10-13,0.519,33.824,0.487,55.0
2021-10-14,0.514,33.663,0.481,54.0
2021-10-15,0.504,33.372,0.466,55.0
2021-10-16,0.493,33.04,0.455,54.0
2021-10-17,0.481,32.696,0.445,54.0
2021-10-18,0.467,32.282,0.428,55.0
2021-10-19,0.454,31.904,0.422,55.0
2021-10-20,0.443,31.572,0.416,55.0
2021-10-21,0.433,31.275,0.416,54.0
2021-10-22,0.423,31.002,0.408,54.0
2021-10-23,0.434,31.284,0.415,54.0
2021-10-24,0.435,31.32,0.42,54.0
2021-10-25,0.429,31.163,0.413,54.0
2021-10-26,0.423,30.984,0.403,55.0
2021-10-27,0.452,31.823,0.422,55.0
2021-10-28,0.507,33.388,0.505,55.0
2021-10-29,0.516,33.671,0.513,55.0
2021-10-30,0.513,33.58,0.503,55.0
2021-10-31,0.508,33.433,0.494,55.0
2021-11-01,0.503,33.279,0.486,56.0
2021-11-02,0.497,33.092,0.479,56.0
2021-11-03,0.496,33.065,0.481,56.0
2021-11-04,0.489,32.885,0.475,56.0
2021-11-05,0.484,32.741,0.476,56.0
2021-11-06,0.48,32.621,0.473,56.0
2021-11-07,0.477,32.526,0.47,56.0
2021-11-08,0.474,32.441,0.467,56.0
2021-11-09,0.471,32.356,0.463,56.0
2021-11-10,0.468,32.267,0.459,56.0
2021-11-11,0.496,33.073,0.505,56.0
2021-11-12,0.494,32.998,0.495,56.0
2021-11-13,0.491,32.901,0.476,55.0
2021-11-14,0.486,32.759,0.473,55.0
2021-11-15,0.48,32.591,0.468,55.0
2021-11-16,0.475,32.431,0.465,55.0
2021-11-17,0.47,32.286,0.463,55.0
2021-11-18,0.465,32.143,0.459,54.0
2021-11-19,0.46,31.989,0.446,55.0
2021-11-20,0.454,31.82,0.442,55.0
2021-11-21,0.448,31.659,0.44,55.0
2021-11-22,0.444,31.513,0.435,55.0
2021-11-23,0.439,31.374,0.436,55.0
2021-11-24,0.435,31.251,0.436,55.0
2021-11-25,0.431,31.145,0.432,55.0
2021-11-26,0.428,31.043,0.426,55.0
2021-11-27,0.424,30.939,0.424,55.0
2021-11-28,0.421,30.836,0.421,55.0
2021-11-29,0.417,30.74,0.418,55.0
2021-11-30,0.414,30.642,0.415,56.0
2021-12-01,0.411,30.554,0.413,56.0
2021-12-02,0.408,30.477,0.411,56.0
2021-12-03,0.406,30.396,0.407,57.0
2021-12-04,0.403,30.32,0.404,57.0
2021-12-05,0.4,30.245,0.4,57.0
2021-12-06,0.398,30.164,0.406,55.0
2021-12-07,0.395,30.069,0.394,56.0
2021-12-08,0.391,29.959,0.404,52.0
2021-12-09,0.387,29.846,0.385,57.0
2021-12-10,0.384,29.75,0.385,57.0
2021-12-11,0.381,29.672,0.39,55.0
2021-12-12,0.379,29.601,0.409,49.0
2021-12-13,0.376,29.521,0.384,55.0
2021-12-14,0.374,29.458,0.383,55.0
2021-12-15,0.372,29.396,0.377,57.0
2021-12-16,0.375,29.484,0.4,54.0
2021-12-17,0.374,29.468,0.397,52.0
2021-12-18,0.375,29.485,0.421,44.0
2021-12-19,0.374,29.467,0.509,28.0
2021-12-20,0.373,29.429,0.455,36.0
2021-12-21,0.37,29.326,0.465,29.0
2021-12-22,0.365,29.196,0.417,32.0
2021-12-23,0.363,29.133,0.384,50.0
2021-12-24,0.361,29.069,0.368,56.0
2021-12-25,0.36,29.031,0.375,55.0
2021-12-26,0.359,29.015,0.374,55.0
2021-12-27,0.36,29.032,0.375,55.0
2021-12-28,0.368,29.263,0.383,53.0
2021-12-29,0.368,29.271,0.412,44.0
2021-12-30,0.368,29.264,0.46,36.0
2021-12-31,0.367,29.244,0.405,45.0
2022-01-01,0.367,29.24,0.454,33.0
2022-01-02,0.366,29.23,0.444,20.0
2022-01-03,0.363,29.143,0.495,17.0
2022-01-04,0.358,28.983,0.444,26.0
2022-01-05,0.356,28.939,0.443,31.0
2022-01-06,0.356,28.956,0.431,16.0
2022-01-07,0.358,29.008,0.582,10.0
2022-01-08,0.357,28.984,0.457,13.0
2022-01-09,0.358,29.026,0.392,25.0
2022-01-10,0.36,29.065,0.547,12.0
2022-01-11,0.361,29.114,0.447,17.0
2022-01-12,0.363,29.175,0.442,22.0
2022-01-13,0.362,29.145,0.394,29.0
2022-01-14,0.362,29.139,0.346,49.0
2022-01-15,0.362,29.161,0.399,36.0
2022-01-16,0.363,29.169,0.568,15.0
2022-01-17,0.367,29.323,0.463,22.0
2022-01-18,0.368,29.335,0.428,30.0
2022-01-19,0.368,29.345,0.371,49.0
2022-01-20,0.369,29.356,0.458,16.0
2022-01-21,0.369,29.369,0.559,5.0
2022-01-22,0.365,29.238,0.374,8.0
2022-01-23,0.365,29.258,0.367,15.0
2022-01-24,0.364,29.214,0.366,30.0
2022-01-25,0.364,29.234,0.373,31.0
2022-01-26,0.37,29.429,0.389,19.0
2022-01-27,0.371,29.453,0.433,14.0
2022-01-28,0.368,29.364,0.421,17.0
2022-01-29,0.364,29.245,0.509,13.0
2022-01-30,0.367,29.35,0.435,24.0
2022-01-31,0.37,29.427,0.445,26.0
2022-02-01,0.371,29.461,0.392,44.0
2022-02-02,0.379,29.696,0.446,34.0
2022-02-03,0.38,29.737,0.5,22.0
2022-02-04,0.384,29.837,0.521,15.0
2022-02-05,0.384,29.869,0.497,14.0
2022-02-06,0.383,29.831,0.45,15.0
2022-02-07,0.388,29.961,0.503,19.0
2022-02-08,0.395,30.194,0.5,28.0
2022-02-09,0.406,30.53,0.489,33.0
2022-02-10,0.412,30.699,0.426,50.0
2022-02-11,0.415,30.799,0.415,55.0
2022-02-12,0.419,30.89,0.47,44.0
2022-02-13,0.421,30.959,0.438,39.0
2022-02-14,0.427,31.162,0.44,43.0
2022-02-15,0.427,31.143,0.412,52.0
2022-02-16,0.426,31.133,0.422,55.0
2022-02-17,0.435,31.378,0.444,48.0
2022-02-18,0.436,31.385,0.504,29.0
2022-02-19,0.433,31.316,0.45,42.0
2022-02-20,0.431,31.253,0.429,53.0
2022-02-21,0.431,31.239,0.437,57.0
2022-02-22,0.432,31.275,0.506,42.0
2022-02-23,0.435,31.336,0.593,15.0
2022-02-24,0.442,31.551,0.542,12.0
2022-02-25,0.448,31.742,0.524,8.0
2022-02-26,0.445,31.65,0.459,7.0
2022-02-27,0.442,31.573,0.453,9.0
2022-02-28,0.434,31.307,0.477,14.0
2022-03-01,0.424,31.004,0.399,36.0
2022-03-02,0.42,30.895,0.404,53.0
2022-03-03,0.42,30.899,0.421,57.0
2022-03-04,0.422,30.937,0.429,56.0
2022-03-05,0.424,31.015,0.434,57.0
2022-03-06,0.427,31.104,0.454,51.0
2022-03-07,0.444,31.599,0.464,50.0
2022-03-08,0.447,31.661,0.485,45.0
2022-03-09,0.448,31.698,0.525,40.0
2022-03-10,0.455,31.932,0.495,42.0
2022-03-11,0.456,31.954,0.529,38.0
2022-03-12,0.454,31.893,0.592,30.0
2022-03-13,0.454,31.881,0.488,46.0
2022-03-14,0.454,31.893,0.455,57.0
2022-03-15,0.456,31.936,0.454,57.0
2022-03-16,0.458,31.986,0.455,57.0
2022-03-17,0.459,32.026,0.456,57.0
2022-03-18,0.499,33.181,0.49,57.0
2022-03-19,0.503,33.298,0.5,57.0
2022-03-20,0.506,33.395,0.499,57.0
2022-03-21,0.509,33.477,0.496,57.0
2022-03-22,0.621,36.748,0.598,57.0
2022-03-23,0.625,36.874,0.615,57.0
2022-03-24,0.624,36.867,0.6,57.0
2022-03-25,0.622,36.821,0.601,56.0
2022-03-26,0.618,36.695,0.593,56.0
2022-03-27,0.612,36.54,0.588,56.0
2022-03-28,0.606,36.352,0.579,56.0
2022-03-29,0.599,36.151,0.575,56.0
2022-03-30,0.616,36.652,0.596,56.0
2022-03-31,0.609,36.445,0.586,56.0
2022-04-01,0.602,36.235,0.58,56.0
2022-04-02,0.594,36.018,0.574,56.0
2022-04-03,0.587,35.807,0.568,56.0
2022-04-04,0.582,35.646,0.569,56.0
2022-04-05,0.575,35.465,0.562,56.0
2022-04-06,0.571,35.337,0.562,56.0
2022-04-07,0.565,35.165,0.55,56.0
2022-04-08,0.559,34.972,0.54,56.0
2022-04-09,0.551,34.74,0.532,56.0
2022-04-10,0.543,34.5,0.528,56.0
2022-04-11,0.536,34.298,0.518,55.0
2022-04-12,0.528,34.08,0.514,55.0
2022-04-13,0.531,34.168,0.52,54.0
2022-04-14,0.524,33.942,0.508,56.0
2022-04-15,0.515,33.696,0.5,56.0
2022-04-16,0.507,33.439,0.49,55.0
2022-04-17,0.498,33.178,0.483,55.0
2022-04-18,0.49,32.949,0.482,56.0
2022-04-19,0.482,32.727,0.47,55.0
2022-04-20,0.475,32.522,0.465,55.0
2022-04-21,0.467,32.29,0.463,55.0
2022-04-22,0.462,32.119,0.464,55.0
2022-04-23,0.46,32.089,0.464,55.0
2022-04-24,0.468,32.297,0.469,55.0
2022-04-25,0.464,32.196,0.466,56.0
2022-04-26,0.459,32.026,0.451,56.0
2022-04-27,0.451,31.81,0.444,56.0
2022-04-28,0.449,31.737,0.439,57.0
2022-04-29,0.454,31.895,0.458,57.0
2022-04-30,0.487,32.838,0.484,57.0
2022-05-01,0.477,32.557,0.469,57.0
2022-05-02,0.485,32.833,0.481,57.0
2022-05-03,0.532,34.249,0.55,57.0
2022-05-04,0.525,34.045,0.541,57.0
2022-05-05,0.57,35.336,0.59,57.0
2022-05-06,0.604,36.353,0.632,57.0
2022-05-07,0.601,36.259,0.624,57.0
2022-05-08,0.597,36.148,0.608,57.0
2022-05-09,0.591,35.96,0.595,57.0
2022-05-10,0.581,35.669,0.573,57.0
2022-05-11,0.568,35.301,0.557,57.0
2022-05-12,0.552,34.847,0.538,57.0
2022-05-13,0.552,34.841,0.536,57.0
2022-05-14,0.535,34.328,0.522,57.0
2022-05-15,0.527,34.074,0.511,57.0
2022-05-16,0.523,33.953,0.515,56.0
2022-05-17,0.508,33.519,0.493,56.0
2022-05-18,0.546,34.586,0.556,57.0
2022-05-19,0.54,34.419,0.537,56.0
2022-05-20,0.525,33.972,0.524,57.0
2022-05-21,0.511,33.557,0.509,57.0
2022-05-22,0.493,33.043,0.493,57.0
2022-05-23,0.477,32.541,0.48,57.0
2022-05-24,0.517,33.702,0.513,57.0
2022-05-25,0.616,36.625,0.633,57.0
2022-05-26,0.683,38.593,0.706,57.0
2022-05-27,0.671,38.244,0.688,57.0
2022-05-28,0.658,37.871,0.663,57.0
2022-05-29,0.642,37.411,0.637,57.0
2022-05-30,0.623,36.857,0.611,57.0
2022-05-31,0.629,37.018,0.622,57.0
2022-06-01,0.639,37.276,0.623,57.0
2022-06-02,0.623,36.792,0.622,57.0
2022-06-03,0.601,36.158,0.599,57.0
2022-06-04,0.596,36.031,0.602,57.0
2022-06-05,0.628,36.963,0.646,57.0
2022-06-06,0.646,37.526,0.652,57.0
2022-06-07,0.673,38.343,0.68,57.0
2022-06-08,0.692,38.912,0.705,57.0
2022-06-09,0.679,38.527,0.677,57.0
2022-06-10,0.675,38.427,0.67,57.0
2022-06-11,0.657,37.882,0.647,57.0
2022-06-12,0.645,37.526,0.625,57.0
2022-06-13,0.625,36.932,0.602,57.0
2022-06-14,0.6,36.198,0.561,56.0
2022-06-15,0.574,35.427,0.536,57.0
2022-06-16,0.547,34.639,0.507,57.0
2022-06-17,0.52,33.857,0.482,57.0
2022-06-18,0.492,33.023,0.456,57.0
2022-06-19,0.465,32.228,0.434,57.0
2022-06-20,0.44,31.479,0.412,57.0
2022-06-21,0.416,30.77,0.389,57.0
2022-06-22,0.42,30.873,0.389,57.0
2022-06-23,0.419,30.815,0.39,57.0
2022-06-24,0.439,31.405,0.422,57.0
2022-06-25,0.42,30.874,0.408,56.0
2022-06-26,0.427,31.058,0.403,56.0
2022-06-27,0.411,30.586,0.39,56.0
2022-06-28,0.396,30.158,0.379,57.0
2022-06-29,0.381,29.71,0.369,57.0
2022-06-30,0.366,29.288,0.357,57.0
2022-07-01,0.359,29.074,0.345,57.0
2022-07-02,0.417,30.747,0.411,57.0
2022-07-03,0.417,30.751,0.42,57.0
2022-07-04,0.411,30.585,0.412,57.0
2022-07-05,0.402,30.325,0.398,57.0
2022-07-06,0.4,30.261,0.393,57.0
2022-07-07,0.427,31.099,0.413,57.0
2022-07-08,0.415,30.753,0.398,56.0
2022-07-09,0.401,30.321,0.385,57.0
2022-07-10,0.386,29.887,0.37,57.0
2022-07-11,0.371,29.451,0.353,57.0
2022-07-12,0.359,29.085,0.346,57.0
2022-07-13,0.345,28.687,0.33,57.0
2022-07-14,0.331,28.285,0.315,57.0
2022-07-15,0.317,27.869,0.301,57.0
2022-07-16,0.303,27.452,0.288,57.0
2022-07-17,0.299,27.354,0.287,57.0
2022-07-18,0.287,26.994,0.277,57.0
2022-07-19,0.276,26.678,0.267,57.0
2022-07-20,0.266,26.378,0.257,57.0
2022-07-21,0.256,26.087,0.246,57.0
2022-07-22,0.247,25.813,0.237,57.0
2022-07-23,0.241,25.65,0.231,57.0
2022-07-24,0.233,25.413,0.222,57.0
2022-07-25,0.277,26.778,0.292,57.0
2022-07-26,0.273,26.645,0.297,57.0
2022-07-27,0.284,26.964,0.322,57.0
2022-07-28,0.312,27.829,0.353,57.0
2022-07-29,0.333,28.46,0.361,56.0
2022-07-30,0.363,29.39,0.416,56.0
2022-07-31,0.362,29.372,0.415,56.0
2022-08-01,0.358,29.259,0.402,56.0
2022-08-02,0.353,29.098,0.385,56.0
2022-08-03,0.344,28.853,0.365,56.0
2022-08-04,0.339,28.684,0.364,56.0
2022-08-05,0.327,28.321,0.348,56.0
2022-08-06,0.314,27.93,0.331,56.0
2022-08-07,0.3,27.519,0.312,56.0
2022-08-08,0.29,27.227,0.292,57.0
2022-08-09,0.275,26.791,0.274,56.0
2022-08-10,0.262,26.394,0.272,56.0
2022-08-11,0.249,25.996,0.258,56.0
2022-08-12,0.237,25.637,0.239,55.0
2022-08-13,0.226,25.302,0.234,56.0
2022-08-14,0.215,24.989,0.224,56.0
2022-08-15,0.205,24.69,0.213,57.0
2022-08-16,0.214,24.946,0.223,57.0
2022-08-17,0.213,24.916,0.221,57.0
2022-08-18,0.204,24.636,0.213,57.0
2022-08-19,0.196,24.399,0.207,57.0
2022-08-20,0.214,24.929,0.225,57.0
2022-08-21,0.208,24.746,0.208,57.0
2022-08-22,0.202,24.572,0.21,57.0
2022-08-23,0.196,24.399,0.203,57.0
2022-08-24,0.191,24.251,0.196,57.0
2022-08-25,0.186,24.095,0.19,57.0
2022-08-26,0.181,23.934,0.184,57.0
2022-08-27,0.177,23.854,0.173,57.0
2022-08-28,0.221,25.076,0.214,57.0
2022-08-29,0.214,24.872,0.215,57.0
2022-08-30,0.215,24.9,0.209,57.0
2022-08-31,0.209,24.725,0.202,57.0
2022-09-01,0.208,24.728,0.187,57.0
2022-09-02,0.202,24.554,0.191,57.0
2022-09-03,0.197,24.404,0.186,57.0
2022-09-04,0.19,24.194,0.171,57.0
2022-09-05,0.183,24.0,0.174,57.0
2022-09-06,0.176,23.795,0.162,57.0
2022-09-07,0.171,23.635,0.167,57.0
2022-09-08,0.165,23.47,0.154,57.0
2022-09-09,0.161,23.344,0.158,57.0
2022-09-10,0.159,23.281,0.155,57.0
2022-09-11,0.169,23.573,0.146,57.0
2022-09-12,0.161,23.334,0.142,57.0
2022-09-13,0.152,23.056,0.139,57.0
2022-09-14,0.145,22.853,0.149,57.0
2022-09-15,0.141,22.738,0.147,57.0
2022-09-16,0.161,23.357,0.175,57.0
2022-09-17,0.167,23.534,0.183,57.0
2022-09-18,0.179,23.901,0.194,57.0
2022-09-19,0.178,23.887,0.182,57.0
2022-09-20,0.177,23.859,0.185,57.0
2022-09-21,0.178,23.886,0.188,57.0
2022-09-22,0.239,25.733,0.218,57.0
2022-09-23,0.237,25.672,0.216,57.0
2022-09-24,0.233,25.561,0.211,58.0
2022-09-25,0.228,25.407,0.207,58.0
2022-09-26,0.223,25.25,0.199,58.0
2022-09-27,0.217,25.092,0.195,58.0
2022-09-28,0.212,24.93,0.191,58.0
2022-09-29,0.205,24.739,0.173,58.0
2022-09-30,0.199,24.552,0.18,58.0
2022-10-01,0.193,24.369,0.175,58.0
2022-10-02,0.188,24.224,0.17,58.0
2022-10-03,0.183,24.081,0.164,58.0
2022-10-04,0.179,23.961,0.16,58.0
2022-10-05,0.175,23.827,0.156,58.0
2022-10-06,0.17,23.663,0.146,58.0
2022-10-07,0.164,23.506,0.148,58.0
2022-10-08,0.16,23.377,0.135,58.0
2022-10-09,0.154,23.201,0.128,58.0
2022-10-10,0.149,23.03,0.132,58.0
2022-10-11,0.147,22.956,0.135,58.0
2022-10-12,0.157,23.254,0.146,58.0
2022-10-13,0.154,23.16,0.143,58.0
2022-10-14,0.15,23.051,0.136,58.0
2022-10-15,0.146,22.934,0.133,58.0
2022-10-16,0.143,22.823,0.123,57.0
2022-10-17,0.139,22.702,0.124,58.0
2022-10-18,0.134,22.573,0.118,58.0
2022-10-19,0.13,22.432,0.112,58.0
2022-10-20,0.125,22.294,0.111,58.0
2022-10-21,0.121,22.178,0.112,58.0
2022-10-22,0.119,22.096,0.103,57.0
2022-10-23,0.117,22.052,0.106,57.0
2022-10-24,0.116,22.003,0.108,57.0
2022-10-25,0.161,23.307,0.138,58.0
2022-10-26,0.155,23.113,0.132,58.0
2022-10-27,0.148,22.898,0.131,57.0
2022-10-28,0.145,22.796,0.131,57.0
2022-10-29,0.14,22.646,0.128,57.0
2022-10-30,0.136,22.526,0.127,57.0
2022-10-31,0.133,22.424,0.123,57.0
2022-11-01,0.13,22.338,0.122,57.0
2022-11-02,0.128,22.269,0.124,57.0
2022-11-03,0.126,22.227,0.125,57.0
2022-11-04,0.149,22.892,0.135,57.0
2022-11-05,0.278,26.549,0.258,57.0
2022-11-06,0.272,26.373,0.248,57.0
2022-11-07,0.264,26.133,0.243,57.0
2022-11-08,0.255,25.89,0.241,57.0
2022-11-09,0.25,25.728,0.249,57.0
2022-11-10,0.245,25.591,0.246,58.0
2022-11-11,0.255,25.869,0.249,58.0
2022-11-12,0.25,25.745,0.255,51.0
2022-11-13,0.244,25.562,0.238,53.0
2022-11-14,0.237,25.338,0.222,58.0
2022-11-15,0.231,25.17,0.234,52.0
2022-11-16,0.225,24.998,0.26,47.0
2022-11-17,0.22,24.85,0.241,50.0
2022-11-18,0.218,24.77,0.256,45.0
2022-11-19,0.215,24.69,0.343,28.0
2022-11-20,0.212,24.583,0.311,26.0
2022-11-21,0.209,24.494,0.273,33.0
2022-11-22,0.207,24.433,0.275,40.0
2022-11-23,0.203,24.314,0.236,47.0
2022-11-24,0.201,24.268,0.2,59.0
2022-11-25,0.2,24.243,0.236,49.0
2022-11-26,0.2,24.238,0.204,58.0
2022-11-27,0.237,25.296,0.252,59.0
2022-11-28,0.237,25.316,0.261,54.0
2022-11-29,0.238,25.335,0.242,59.0
2022-11-30,0.237,25.301,0.37,35.0
2022-12-01,0.235,25.233,0.299,43.0
2022-12-02,0.231,25.119,0.227,59.0
2022-12-03,0.228,25.036,0.296,45.0
2022-12-04,0.226,24.99,0.262,51.0
2022-12-05,0.227,25.019,0.252,53.0
2022-12-06,0.227,25.053,0.276,46.0
2022-12-07,0.228,25.069,0.301,43.0
2022-12-08,0.227,25.063,0.246,54.0
2022-12-09,0.227,25.039,0.309,41.0
2022-12-10,0.24,25.423,0.315,43.0
2022-12-11,0.238,25.378,0.365,36.0
2022-12-12,0.238,25.373,0.244,58.0
2022-12-13,0.284,26.704,0.307,59.0
2022-12-14,0.29,26.862,0.44,38.0
2022-12-15,0.295,27.003,0.452,36.0
2022-12-16,0.298,27.099,0.512,30.0
2022-12-17,0.299,27.135,0.559,24.0
2022-12-18,0.302,27.225,0.578,17.0
2022-12-19,0.3,27.179,0.392,31.0
2022-12-20,0.299,27.127,0.52,26.0
2022-12-21,0.297,27.086,0.512,17.0
2022-12-22,0.298,27.106,0.578,14.0
2022-12-23,0.295,27.029,0.66,10.0
2022-12-24,0.292,26.931,0.622,8.0
2022-12-25,0.288,26.834,0.617,8.0
2022-12-26,0.284,26.722,0.492,10.0
2022-12-27,0.281,26.622,0.536,8.0
2022-12-28,0.276,26.476,0.197,22.0
2022-12-29,0.272,26.355,0.197,31.0
2022-12-30,0.269,26.247,0.584,14.0
2022-12-31,0.266,26.149,0.526,16.0
2023-01-01,0.266,26.163,0.397,25.0
2023-01-02,0.269,26.226,0.276,49.0
2023-01-03,0.289,26.797,0.343,46.0
2023-01-04,0.291,26.877,0.534,28.0
2023-01-05,0.294,26.947,0.542,27.0
2023-01-06,0.296,26.999,0.518,21.0
2023-01-07,0.297,27.049,0.508,28.0
2023-01-08,0.297,27.047,0.521,21.0
2023-01-09,0.295,26.985,0.489,25.0
2023-01-10,0.292,26.902,0.467,32.0
2023-01-11,0.29,26.838,0.415,38.0
2023-01-12,0.287,26.76,0.327,49.0
2023-01-13,0.285,26.686,0.468,27.0
2023-01-14,0.283,26.624,0.428,29.0
2023-01-15,0.282,26.601,0.345,46.0
2023-01-16,0.28,26.537,0.304,53.0
2023-01-17,0.278,26.486,0.346,46.0
2023-01-18,0.28,26.562,0.305,53.0
2023-01-19,0.309,27.407,0.472,40.0
2023-01-20,0.312,27.48,0.576,31.0
2023-01-21,0.319,27.698,0.433,42.0
2023-01-22,0.342,28.363,0.496,39.0
2023-01-23,0.346,28.491,0.527,32.0
2023-01-24,0.35,28.616,0.55,27.0
2023-01-25,0.361,28.923,0.547,33.0
2023-01-26,0.362,28.956,0.534,27.0
2023-01-27,0.363,28.986,0.567,23.0
2023-01-28,0.363,28.972,0.544,31.0
2023-01-29,0.365,29.049,0.618,24.0
2023-01-30,0.369,29.161,0.688,12.0
2023-01-31,0.367,29.102,0.696,9.0
2023-02-01,0.362,28.948,0.645,5.0
2023-02-02,0.355,28.763,0.641,5.0
2023-02-03,0.353,28.689,0.638,5.0
2023-02-04,0.35,28.604,0.354,9.0
2023-02-05,0.347,28.539,0.521,10.0
2023-02-06,0.341,28.367,0.418,22.0
2023-02-07,0.339,28.289,0.447,26.0
2023-02-08,0.338,28.262,0.452,25.0
2023-02-09,0.377,29.39,0.512,34.0
2023-02-10,0.381,29.516,0.623,25.0
2023-02-11,0.384,29.623,0.661,16.0
2023-02-12,0.384,29.624,0.521,22.0
2023-02-13,0.386,29.679,0.534,35.0
2023-02-14,0.39,29.818,0.413,54.0
2023-02-15,0.401,30.148,0.438,54.0
2023-02-16,0.414,30.568,0.588,36.0
2023-02-17,0.418,30.701,0.674,19.0
2023-02-18,0.421,30.796,0.666,23.0
2023-02-19,0.421,30.789,0.649,28.0
2023-02-20,0.417,30.672,0.498,41.0
2023-02-21,0.415,30.616,0.461,46.0
2023-02-22,0.415,30.651,0.429,56.0
2023-02-23,0.418,30.731,0.619,31.0
2023-02-24,0.419,30.789,0.647,23.0
2023-02-25,0.418,30.749,0.682,16.0
2023-02-26,0.414,30.638,0.537,28.0
2023-02-27,0.463,32.056,0.497,48.0
2023-02-28,0.466,32.152,0.488,54.0
2023-03-01,0.467,32.193,0.475,55.0
2023-03-02,0.466,32.16,0.46,56.0
2023-03-03,0.467,32.187,0.495,50.0
2023-03-04,0.464,32.121,0.473,56.0
2023-03-05,0.463,32.107,0.466,58.0
2023-03-06,0.463,32.103,0.464,58.0
2023-03-07,0.462,32.081,0.458,58.0
2023-03-08,0.462,32.107,0.455,57.0
2023-03-09,0.46,32.042,0.453,55.0
2023-03-10,0.457,31.969,0.473,55.0
2023-03-11,0.456,31.93,0.457,57.0
2023-03-12,0.455,31.915,0.46,59.0
2023-03-13,0.454,31.88,0.462,57.0
2023-03-14,0.452,31.83,0.466,56.0
2023-03-15,0.45,31.758,0.448,59.0
2023-03-16,0.447,31.689,0.449,59.0
2023-03-17,0.449,31.73,0.488,54.0
2023-03-18,0.448,31.702,0.468,54.0
2023-03-19,0.449,31.733,0.57,36.0
2023-03-20,0.446,31.67,0.445,58.0
2023-03-21,0.442,31.543,0.44,59.0
2023-03-22,0.44,31.466,0.448,59.0
2023-03-23,0.438,31.411,0.449,59.0
2023-03-24,0.437,31.403,0.446,59.0
2023-03-25,0.441,31.51,0.448,59.0
2023-03-26,0.44,31.494,0.461,57.0
2023-03-27,0.439,31.452,0.451,58.0
2023-03-28,0.437,31.408,0.45,58.0
2023-03-29,0.435,31.351,0.446,58.0
2023-03-30,0.433,31.295,0.44,57.0
2023-03-31,0.432,31.262,0.445,59.0
2023-04-01,0.431,31.229,0.44,58.0
2023-04-02,0.429,31.178,0.436,58.0
2023-04-03,0.426,31.099,0.433,58.0
2023-04-04,0.422,31.006,0.43,58.0
2023-04-05,0.424,31.047,0.429,58.0
2023-04-06,0.419,30.911,0.42,58.0
2023-04-07,0.413,30.75,0.414,58.0
2023-04-08,0.407,30.572,0.409,58.0
2023-04-09,0.401,30.398,0.405,58.0
2023-04-10,0.396,30.24,0.401,58.0
2023-04-11,0.397,30.273,0.411,58.0
2023-04-12,0.392,30.14,0.407,58.0
2023-04-13,0.388,30.01,0.399,58.0
2023-04-14,0.383,29.865,0.392,58.0
2023-04-15,0.41,30.647,0.411,59.0
2023-04-16,0.405,30.484,0.407,59.0
2023-04-17,0.396,30.233,0.396,59.0
2023-04-18,0.387,29.976,0.389,59.0
2023-04-19,0.379,29.723,0.384,59.0
2023-04-20,0.401,30.35,0.41,59.0
2023-04-21,0.393,30.124,0.393,59.0
2023-04-22,0.385,29.876,0.38,59.0
2023-04-23,0.375,29.583,0.368,59.0
2023-04-24,0.365,29.281,0.363,59.0
2023-04-25,0.356,29.028,0.355,59.0
2023-04-26,0.372,29.52,0.372,59.0
2023-04-27,0.39,30.083,0.416,59.0
2023-04-28,0.388,30.034,0.421,59.0
2023-04-29,0.388,30.032,0.418,59.0
2023-04-30,0.386,29.979,0.411,59.0
2023-05-01,0.383,29.888,0.401,59.0
2023-05-02,0.378,29.743,0.392,59.0
2023-05-03,0.371,29.551,0.383,59.0
2023-05-04,0.364,29.333,0.376,59.0
2023-05-05,0.369,29.484,0.388,59.0
2023-05-06,0.363,29.307,0.387,59.0
2023-05-07,0.357,29.127,0.378,59.0
2023-05-08,0.356,29.111,0.369,58.0
2023-05-09,0.352,28.985,0.365,58.0
2023-05-10,0.415,30.843,0.459,59.0
2023-05-11,0.431,31.398,0.462,59.0
2023-05-12,0.449,32.025,0.478,59.0
2023-05-13,0.453,32.118,0.482,59.0
2023-05-14,0.447,31.923,0.472,59.0
2023-05-15,0.485,33.018,0.499,59.0
2023-05-16,0.494,33.237,0.519,59.0
2023-05-17,0.486,32.998,0.507,59.0
2023-05-18,0.483,32.937,0.499,59.0
2023-05-19,0.528,34.292,0.532,59.0
2023-05-20,0.537,34.563,0.557,60.0
2023-05-21,0.528,34.292,0.536,60.0
2023-05-22,0.525,34.21,0.534,60.0
2023-05-23,0.516,33.927,0.519,60.0
2023-05-24,0.504,33.588,0.501,60.0
2023-05-25,0.501,33.492,0.499,60.0
2023-05-26,0.501,33.521,0.499,60.0
2023-05-27,0.487,33.111,0.485,60.0
2023-05-28,0.471,32.643,0.464,60.0
2023-05-29,0.469,32.596,0.467,60.0
2023-05-30,0.457,32.235,0.46,60.0
2023-05-31,0.491,33.24,0.527,60.0
2023-06-01,0.486,33.065,0.522,60.0
2023-06-02,0.497,33.371,0.524,60.0
2023-06-03,0.545,34.813,0.587,60.0
2023-06-04,0.565,35.419,0.628,60.0
2023-06-05,0.557,35.177,0.619,60.0
2023-06-06,0.556,35.152,0.598,60.0
2023-06-07,0.545,34.833,0.572,60.0
2023-06-08,0.529,34.355,0.545,61.0
2023-06-09,0.509,33.775,0.524,60.0
2023-06-10,0.553,35.064,0.552,60.0
2023-06-11,0.544,34.825,0.565,60.0
2023-06-12,0.523,34.183,0.546,60.0
2023-06-13,0.514,33.95,0.538,61.0
2023-06-14,0.522,34.176,0.55,61.0
2023-06-15,0.506,33.695,0.523,61.0
2023-06-16,0.518,34.06,0.533,61.0
2023-06-17,0.535,34.645,0.545,61.0
2023-06-18,0.56,35.376,0.597,61.0
2023-06-19,0.544,34.904,0.565,61.0
2023-06-20,0.527,34.398,0.533,61.0
2023-06-21,0.518,34.118,0.508,61.0
2023-06-22,0.509,33.84,0.502,61.0
2023-06-23,0.496,33.446,0.499,61.0
2023-06-24,0.474,32.811,0.476,61.0
2023-06-25,0.452,32.142,0.446,61.0
2023-06-26,0.429,31.441,0.416,61.0
2023-06-27,0.408,30.826,0.392,61.0
2023-06-28,0.389,30.264,0.379,61.0
2023-06-29,0.37,29.688,0.364,61.0
2023-06-30,0.354,29.192,0.345,60.0
2023-07-01,0.388,30.24,0.368,60.0
2023-07-02,0.374,29.816,0.356,60.0
2023-07-03,0.36,29.394,0.354,60.0
2023-07-04,0.343,28.883,0.336,61.0
2023-07-05,0.419,31.09,0.412,61.0
2023-07-06,0.46,32.289,0.462,61.0
2023-07-07,0.459,32.279,0.476,61.0
2023-07-08,0.466,32.46,0.488,61.0
2023-07-09,0.477,32.851,0.512,61.0
2023-07-10,0.464,32.47,0.482,61.0
2023-07-11,0.461,32.384,0.472,61.0
2023-07-12,0.444,31.89,0.45,61.0
2023-07-13,0.441,31.774,0.437,61.0
2023-07-14,0.425,31.293,0.418,61.0
2023-07-15,0.475,32.734,0.467,61.0
2023-07-16,0.453,32.092,0.441,61.0
2023-07-17,0.447,31.891,0.434,61.0
2023-07-18,0.432,31.41,0.417,61.0
2023-07-19,0.412,30.81,0.397,61.0
2023-07-20,0.408,30.705,0.392,61.0
2023-07-21,0.477,32.827,0.493,61.0
2023-07-22,0.463,32.413,0.467,61.0
2023-07-23,0.452,32.096,0.454,61.0
2023-07-24,0.436,31.621,0.431,61.0
2023-07-25,0.421,31.146,0.408,61.0
2023-07-26,0.402,30.576,0.387,61.0
2023-07-27,0.382,29.999,0.361,61.0
2023-07-28,0.36,29.349,0.336,61.0
2023-07-29,0.343,28.84,0.323,61.0
2023-07-30,0.323,28.238,0.307,61.0
2023-07-31,0.323,28.204,0.308,61.0
2023-08-01,0.304,27.629,0.292,61.0
2023-08-02,0.29,27.215,0.28,61.0
2023-08-03,0.284,27.037,0.285,61.0
2023-08-04,0.325,28.332,0.327,61.0
2023-08-05,0.347,28.978,0.362,61.0
2023-08-06,0.367,29.575,0.378,61.0
2023-08-07,0.356,29.254,0.358,61.0
2023-08-08,0.368,29.655,0.384,61.0
2023-08-09,0.416,31.084,0.416,60.0
2023-08-10,0.412,30.969,0.413,61.0
2023-08-11,0.404,30.714,0.393,61.0
2023-08-12,0.397,30.524,0.379,61.0
2023-08-13,0.412,30.957,0.394,61.0
2023-08-14,0.44,31.754,0.428,61.0
2023-08-15,0.426,31.332,0.403,61.0
2023-08-16,0.411,30.89,0.383,61.0
2023-08-17,0.395,30.398,0.364,61.0
2023-08-18,0.378,29.881,0.342,60.0
2023-08-19,0.36,29.358,0.326,60.0
2023-08-20,0.342,28.813,0.307,60.0
2023-08-21,0.325,28.278,0.293,62.0
2023-08-22,0.307,27.758,0.277,62.0
2023-08-23,0.291,27.262,0.262,62.0
2023-08-24,0.275,26.789,0.248,62.0
2023-08-25,0.261,26.343,0.235,62.0
2023-08-26,0.294,27.364,0.285,62.0
2023-08-27,0.283,27.027,0.27,62.0
2023-08-28,0.272,26.703,0.258,62.0
2023-08-29,0.262,26.396,0.248,62.0
2023-08-30,0.251,26.087,0.244,61.0
2023-08-31,0.242,25.792,0.229,62.0
2023-09-01,0.232,25.514,0.226,61.0
2023-09-02,0.224,25.248,0.211,62.0
2023-09-03,0.215,24.992,0.202,62.0
2023-09-04,0.207,24.74,0.193,62.0
2023-09-05,0.199,24.499,0.187,62.0
2023-09-06,0.191,24.268,0.183,61.0
2023-09-07,0.184,24.038,0.169,62.0
2023-09-08,0.178,23.878,0.165,62.0
2023-09-09,0.171,23.662,0.165,61.0
2023-09-10,0.176,23.814,0.165,62.0
2023-09-11,0.193,24.35,0.203,62.0
2023-09-12,0.238,25.686,0.252,62.0
2023-09-13,0.236,25.632,0.244,62.0
2023-09-14,0.234,25.585,0.244,61.0
2023-09-15,0.24,25.756,0.251,61.0
2023-09-16,0.257,26.251,0.27,61.0
2023-09-17,0.261,26.381,0.265,61.0
2023-09-18,0.262,26.423,0.257,61.0
2023-09-19,0.261,26.413,0.251,61.0
2023-09-20,0.265,26.531,0.246,61.0
2023-09-21,0.26,26.377,0.24,61.0
2023-09-22,0.307,27.749,0.28,61.0
2023-09-23,0.32,28.102,0.285,62.0
2023-09-24,0.315,27.958,0.282,61.0
2023-09-25,0.303,27.58,0.264,62.0
2023-09-26,0.291,27.236,0.268,62.0
2023-09-27,0.281,26.932,0.263,62.0
2023-09-28,0.272,26.65,0.249,63.0
2023-09-29,0.263,26.396,0.248,62.0
2023-09-30,0.255,26.156,0.241,62.0
2023-10-01,0.247,25.929,0.226,63.0
2023-10-02,0.24,25.709,0.224,61.0
2023-10-03,0.249,25.994,0.24,63.0
2023-10-04,0.28,26.918,0.266,63.0
2023-10-05,0.276,26.799,0.258,63.0
2023-10-06,0.268,26.576,0.248,63.0
2023-10-07,0.26,26.325,0.235,61.0
2023-10-08,0.251,26.056,0.227,62.0
2023-10-09,0.242,25.789,0.225,62.0
2023-10-10,0.234,25.547,0.219,61.0
2023-10-11,0.227,25.346,0.214,63.0
2023-10-12,0.221,25.177,0.213,63.0
2023-10-13,0.22,25.15,0.21,63.0
2023-10-14,0.215,24.998,0.2,63.0
2023-10-15,0.21,24.825,0.194,63.0
2023-10-16,0.203,24.63,0.186,63.0
2023-10-17,0.197,24.437,0.18,62.0
2023-10-18,0.191,24.264,0.183,63.0
2023-10-19,0.186,24.123,0.179,63.0
2023-10-20,0.182,24.008,0.176,63.0
2023-10-21,0.179,23.907,0.176,62.0
2023-10-22,0.176,23.818,0.173,62.0
2023-10-23,0.173,23.74,0.17,63.0
2023-10-24,0.171,23.679,0.171,63.0
2023-10-25,0.256,26.093,0.245,64.0
2023-10-26,0.29,27.07,0.275,64.0
2023-10-27,0.283,26.875,0.271,64.0
2023-10-28,0.275,26.628,0.255,64.0
2023-10-29,0.302,27.41,0.291,64.0
2023-10-30,0.295,27.205,0.288,61.0
2023-10-31,0.287,26.967,0.274,63.0
2023-11-01,0.279,26.707,0.27,62.0
2023-11-02,0.271,26.473,0.26,64.0
2023-11-03,0.264,26.282,0.26,64.0
2023-11-04,0.26,26.15,0.26,64.0
2023-11-05,0.257,26.069,0.258,64.0
2023-11-06,0.255,26.022,0.259,64.0
2023-11-07,0.254,25.993,0.258,64.0
2023-11-08,0.254,25.98,0.258,64.0
2023-11-09,0.253,25.963,0.254,64.0
2023-11-10,0.252,25.922,0.25,63.0
2023-11-11,0.249,25.845,0.246,63.0
2023-11-12,0.246,25.758,0.242,63.0
2023-11-13,0.242,25.644,0.238,64.0
2023-11-14,0.238,25.53,0.236,64.0
2023-11-15,0.235,25.424,0.234,64.0
2023-11-16,0.232,25.338,0.233,64.0
2023-11-17,0.229,25.267,0.231,64.0
2023-11-18,0.227,25.198,0.226,64.0
2023-11-19,0.229,25.263,0.224,65.0
2023-11-20,0.278,26.661,0.285,65.0
2023-11-21,0.284,26.853,0.309,65.0
2023-11-22,0.287,26.919,0.294,65.0
2023-11-23,0.289,26.983,0.29,65.0
2023-11-24,0.288,26.964,0.287,64.0
2023-11-25,0.286,26.888,0.287,62.0
2023-11-26,0.314,27.682,0.29,63.0
2023-11-27,0.306,27.465,0.302,60.0
2023-11-28,0.299,27.268,0.318,54.0
2023-11-29,0.297,27.202,0.319,57.0
2023-11-30,0.299,27.261,0.331,62.0
2023-12-01,0.337,28.366,0.404,56.0
2023-12-02,0.346,28.625,0.403,50.0
2023-12-03,0.353,28.815,0.397,50.0
2023-12-04,0.355,28.878,0.389,49.0
2023-12-05,0.356,28.88,0.348,64.0
2023-12-06,0.353,28.795,0.343,64.0
2023-12-07,0.349,28.69,0.338,65.0
2023-12-08,0.346,28.588,0.338,65.0
2023-12-09,0.343,28.509,0.336,65.0
2023-12-10,0.34,28.431,0.382,45.0
2023-12-11,0.337,28.342,0.352,52.0
2023-12-12,0.333,28.237,0.325,59.0
2023-12-13,0.329,28.122,0.337,59.0
2023-12-14,0.353,28.843,0.354,63.0
2023-12-15,0.43,31.17,0.444,65.0
2023-12-16,0.462,32.083,0.505,64.0
2023-12-17,0.472,32.406,0.492,64.0
2023-12-18,0.482,32.701,0.484,64.0
2023-12-19,0.487,32.856,0.483,61.0
2023-12-20,0.488,32.877,0.471,65.0
2023-12-21,0.486,32.833,0.47,65.0
2023-12-22,0.498,33.168,0.504,64.0
2023-12-23,0.499,33.21,0.496,65.0
2023-12-24,0.536,34.267,0.532,65.0
2023-12-25,0.581,35.57,0.593,64.0
2023-12-26,0.586,35.725,0.615,57.0
2023-12-27,0.59,35.833,0.604,57.0
2023-12-28,0.59,35.836,0.587,60.0
2023-12-29,0.589,35.795,0.612,51.0
2023-12-30,0.586,35.705,0.605,49.0
2023-12-31,0.581,35.565,0.598,50.0
2024-01-01,0.576,35.423,0.616,45.0
2024-01-02,0.571,35.296,0.605,46.0
2024-01-03,0.566,35.129,0.61,42.0
2024-01-04,0.561,34.998,0.604,43.0
2024-01-05,0.561,35.005,0.597,50.0
2024-01-06,0.561,34.988,0.59,53.0
2024-01-07,0.559,34.939,0.617,43.0
2024-01-08,0.567,35.158,0.643,46.0
2024-01-09,0.645,37.451,0.714,47.0
2024-01-10,0.651,37.648,0.718,42.0
2024-01-11,0.656,37.803,0.718,38.0
2024-01-12,0.657,37.822,0.719,31.0
2024-01-13,0.654,37.742,0.726,23.0
2024-01-14,0.647,37.52,0.683,11.0
2024-01-15,0.636,37.216,0.687,10.0
2024-01-16,0.619,36.701,0.682,8.0
2024-01-17,0.604,36.262,0.793,3.0
2024-01-18,0.593,35.937,0.789,3.0
2024-01-19,0.589,35.827,0.783,3.0
2024-01-20,0.586,35.73,0.767,3.0
2024-01-21,0.583,35.637,0.744,1.0
2024-01-22,0.579,35.541,0.786,2.0
2024-01-23,0.589,35.809,0.902,2.0
2024-01-24,0.589,35.803,0.876,3.0
2024-01-25,0.59,35.837,0.731,5.0
2024-01-26,0.595,35.976,0.726,8.0
2024-01-27,0.598,36.08,0.774,12.0
2024-01-28,0.602,36.189,0.793,13.0
2024-01-29,0.606,36.3,0.734,17.0
2024-01-30,0.623,36.819,0.756,26.0
2024-01-31,0.655,37.819,0.752,37.0
2024-02-01,0.68,38.604,0.734,47.0
2024-02-02,0.698,39.172,0.728,51.0
2024-02-03,0.751,40.797,0.783,61.0
2024-02-04,0.817,42.775,0.847,63.0
2024-02-05,0.833,43.292,0.842,64.0
2024-02-06,0.842,43.6,0.823,64.0
2024-02-07,0.845,43.688,0.814,65.0
2024-02-08,0.84,43.575,0.801,65.0
2024-02-09,0.832,43.33,0.787,65.0
2024-02-10,0.82,43.0,0.774,65.0
2024-02-11,0.808,42.63,0.774,63.0
2024-02-12,0.796,42.271,0.772,60.0
2024-02-13,0.786,41.984,0.765,62.0
2024-02-14,0.776,41.681,0.744,65.0
2024-02-15,0.767,41.419,0.739,65.0
2024-02-16,0.759,41.183,0.737,64.0
2024-02-17,0.751,40.96,0.736,57.0
2024-02-18,0.745,40.759,0.713,42.0
2024-02-19,0.74,40.608,0.721,60.0
2024-02-20,0.735,40.474,0.72,62.0
2024-02-21,0.731,40.35,0.714,64.0
2024-02-22,0.727,40.244,0.712,64.0
2024-02-23,0.724,40.146,0.707,64.0
2024-02-24,0.72,40.041,0.701,64.0
2024-02-25,0.716,39.917,0.695,64.0
2024-02-26,0.711,39.775,0.691,64.0
2024-02-27,0.706,39.628,0.687,64.0
2024-02-28,0.701,39.466,0.68,62.0
2024-02-29,0.695,39.286,0.675,63.0
2024-03-01,0.688,39.089,0.665,64.0
2024-03-02,0.682,38.901,0.662,64.0
2024-03-03,0.677,38.739,0.661,64.0
2024-03-04,0.672,38.601,0.656,64.0
2024-03-05,0.667,38.47,0.65,64.0
2024-03-06,0.663,38.327,0.643,64.0
2024-03-07,0.658,38.202,0.639,64.0
2024-03-08,0.705,39.526,0.686,65.0
2024-03-09,0.7,39.373,0.688,63.0
2024-03-10,0.694,39.214,0.675,64.0
2024-03-11,0.688,39.03,0.663,65.0
2024-03-12,0.681,38.831,0.656,65.0
2024-03-13,0.674,38.63,0.65,65.0
2024-03-14,0.688,39.036,0.669,65.0
2024-03-15,0.682,38.865,0.661,65.0
2024-03-16,0.676,38.698,0.652,65.0
2024-03-17,0.67,38.512,0.645,64.0
2024-03-18,0.663,38.297,0.641,63.0
2024-03-19,0.655,38.086,0.629,64.0
2024-03-20,0.648,37.864,0.622,64.0
2024-03-21,0.64,37.642,0.614,64.0
2024-03-22,0.634,37.452,0.609,64.0
2024-03-23,0.626,37.231,0.601,64.0
2024-03-24,0.619,37.013,0.595,64.0
2024-03-25,0.643,37.742,0.626,65.0
2024-03-26,0.638,37.597,0.62,64.0
2024-03-27,0.633,37.461,0.63,63.0
2024-03-28,0.63,37.371,0.623,63.0
2024-03-29,0.628,37.313,0.618,63.0
2024-03-30,0.625,37.247,0.611,63.0
2024-03-31,0.622,37.141,0.604,63.0
2024-04-01,0.617,36.997,0.598,63.0
2024-04-02,0.633,37.455,0.61,64.0
2024-04-03,0.626,37.255,0.601,64.0
2024-04-04,0.618,37.02,0.594,65.0
2024-04-05,0.609,36.753,0.584,65.0
2024-04-06,0.599,36.464,0.576,64.0
2024-04-07,0.594,36.316,0.57,65.0
2024-04-08,0.584,36.01,0.56,64.0
2024-04-09,0.574,35.697,0.556,63.0
2024-04-10,0.563,35.384,0.548,63.0
2024-04-11,0.555,35.144,0.54,63.0
2024-04-12,0.545,34.832,0.52,64.0
2024-04-13,0.534,34.515,0.521,62.0
2024-04-14,0.523,34.185,0.506,63.0
2024-04-15,0.512,33.878,0.493,63.0
2024-04-16,0.516,33.962,0.489,63.0
2024-04-17,0.508,33.713,0.483,63.0
2024-04-18,0.508,33.712,0.484,62.0
2024-04-19,0.497,33.368,0.473,63.0
2024-04-20,0.485,33.021,0.462,63.0
2024-04-21,0.471,32.616,0.443,64.0
2024-04-22,0.459,32.261,0.443,64.0
2024-04-23,0.449,31.955,0.435,64.0
2024-04-24,0.44,31.696,0.426,64.0
2024-04-25,0.439,31.642,0.421,64.0
2024-04-26,0.527,34.234,0.536,65.0
2024-04-27,0.524,34.129,0.523,64.0
2024-04-28,0.595,36.205,0.592,65.0
2024-04-29,0.587,35.959,0.577,64.0
2024-04-30,0.575,35.623,0.557,64.0
2024-05-01,0.572,35.527,0.554,64.0
2024-05-02,0.59,36.095,0.58,65.0
2024-05-03,0.582,35.849,0.579,64.0
2024-05-04,0.62,36.968,0.613,65.0
2024-05-05,0.609,36.64,0.595,65.0
2024-05-06,0.604,36.476,0.592,65.0
2024-05-07,0.624,37.062,0.631,65.0
2024-05-08,0.611,36.687,0.598,65.0
2024-05-09,0.597,36.269,0.574,64.0
2024-05-10,0.579,35.732,0.557,63.0
2024-05-11,0.558,35.101,0.532,64.0
2024-05-12,0.538,34.54,0.516,64.0
2024-05-13,0.554,35.023,0.536,65.0
2024-05-14,0.548,34.84,0.549,65.0
2024-05-15,0.54,34.615,0.536,65.0
2024-05-16,0.559,35.13,0.548,65.0
2024-05-17,0.545,34.731,0.536,65.0
2024-05-18,0.531,34.315,0.517,65.0
2024-05-19,0.524,34.11,0.507,64.0
2024-05-20,0.574,35.559,0.561,65.0
2024-05-21,0.561,35.192,0.55,65.0
2024-05-22,0.554,34.983,0.542,65.0
2024-05-23,0.54,34.577,0.525,65.0
2024-05-24,0.528,34.228,0.511,64.0
2024-05-25,0.513,33.769,0.49,64.0
2024-05-26,0.544,34.678,0.522,64.0
2024-05-27,0.525,34.118,0.5,64.0
2024-05-28,0.507,33.587,0.481,65.0
2024-05-29,0.499,33.346,0.483,64.0
2024-05-30,0.51,33.7,0.502,64.0
2024-05-31,0.543,34.687,0.552,65.0
2024-06-01,0.545,34.75,0.56,65.0
2024-06-02,0.549,34.873,0.555,65.0
2024-06-03,0.568,35.473,0.571,65.0
2024-06-04,0.568,35.465,0.572,65.0
2024-06-05,0.585,35.964,0.595,65.0
2024-06-06,0.574,35.627,0.565,65.0
2024-06-07,0.561,35.229,0.539,64.0
2024-06-08,0.588,35.997,0.56,64.0
2024-06-09,0.667,38.331,0.663,65.0
2024-06-10,0.647,37.754,0.626,65.0
2024-06-11,0.629,37.2,0.596,65.0
2024-06-12,0.606,36.541,0.566,64.0
2024-06-13,0.581,35.802,0.534,64.0
2024-06-14,0.566,35.356,0.522,64.0
2024-06-15,0.565,35.319,0.522,64.0
2024-06-16,0.566,35.32,0.537,65.0
2024-06-17,0.543,34.625,0.509,64.0
2024-06-18,0.519,33.922,0.477,64.0
2024-06-19,0.592,36.019,0.541,65.0
2024-06-20,0.58,35.664,0.551,65.0
2024-06-21,0.558,35.001,0.526,65.0
2024-06-22,0.537,34.406,0.502,65.0
2024-06-23,0.517,33.793,0.476,64.0
2024-06-24,0.495,33.163,0.452,64.0
2024-06-25,0.477,32.635,0.429,64.0
2024-06-26,0.487,32.882,0.44,64.0
2024-06-27,0.463,32.203,0.418,64.0
2024-06-28,0.461,32.096,0.426,65.0
2024-06-29,0.458,32.034,0.432,64.0
2024-06-30,0.482,32.735,0.447,63.0
2024-07-01,0.506,33.424,0.478,65.0
2024-07-02,0.506,33.438,0.499,64.0
2024-07-03,0.501,33.291,0.494,64.0
2024-07-04,0.557,34.94,0.585,64.0
2024-07-05,0.542,34.508,0.551,64.0
2024-07-06,0.527,34.093,0.528,63.0
2024-07-07,0.549,34.792,0.566,63.0
2024-07-08,0.534,34.365,0.545,63.0
2024-07-09,0.516,33.824,0.521,63.0
2024-07-10,0.495,33.228,0.498,63.0
2024-07-11,0.478,32.721,0.477,63.0
2024-07-12,0.465,32.324,0.458,63.0
2024-07-13,0.444,31.708,0.436,63.0
2024-07-14,0.423,31.088,0.416,64.0
2024-07-15,0.402,30.469,0.395,63.0
2024-07-16,0.394,30.254,0.392,63.0
2024-07-17,0.406,30.604,0.412,63.0
2024-07-18,0.391,30.191,0.396,63.0
2024-07-19,0.373,29.639,0.379,63.0
2024-07-20,0.374,29.72,0.393,63.0
2024-07-21,0.362,29.362,0.385,63.0
2024-07-22,0.349,28.975,0.371,63.0
2024-07-23,0.346,28.9,0.366,63.0
2024-07-24,0.335,28.564,0.353,63.0
2024-07-25,0.324,28.237,0.338,62.0
2024-07-26,0.313,27.896,0.322,63.0
2024-07-27,0.3,27.531,0.306,63.0
2024-07-28,0.292,27.284,0.295,64.0
2024-07-29,0.287,27.111,0.294,64.0
2024-07-30,0.276,26.786,0.273,65.0
2024-07-31,0.265,26.476,0.259,64.0
2024-08-01,0.298,27.41,0.296,65.0
2024-08-02,0.295,27.316,0.296,64.0
2024-08-03,0.282,26.955,0.278,64.0
2024-08-04,0.271,26.621,0.265,64.0
2024-08-05,0.257,26.199,0.249,64.0
2024-08-06,0.243,25.781,0.236,64.0
2024-08-07,0.229,25.384,0.225,64.0
2024-08-08,0.261,26.356,0.252,65.0
2024-08-09,0.251,26.042,0.245,64.0
2024-08-10,0.245,25.867,0.242,65.0
2024-08-11,0.24,25.723,0.242,65.0
2024-08-12,0.244,25.817,0.258,65.0
2024-08-13,0.322,28.122,0.341,64.0
2024-08-14,0.342,28.745,0.359,64.0
2024-08-15,0.389,30.074,0.41,65.0
2024-08-16,0.388,30.041,0.397,65.0
2024-08-17,0.395,30.249,0.388,65.0
2024-08-18,0.386,29.994,0.373,64.0
2024-08-19,0.386,29.976,0.375,64.0
2024-08-20,0.374,29.621,0.359,64.0
2024-08-21,0.36,29.224,0.347,64.0
2024-08-22,0.351,28.967,0.338,64.0
2024-08-23,0.357,29.171,0.345,66.0
2024-08-24,0.343,28.766,0.336,65.0
2024-08-25,0.329,28.357,0.321,65.0
2024-08-26,0.32,28.09,0.314,65.0
2024-08-27,0.314,27.954,0.302,65.0
2024-08-28,0.308,27.764,0.306,64.0
2024-08-29,0.294,27.348,0.288,64.0
2024-08-30,0.352,29.083,0.349,66.0
2024-08-31,0.339,28.674,0.334,66.0
2024-09-01,0.324,28.244,0.317,66.0
2024-09-02,0.309,27.81,0.301,65.0
2024-09-03,0.295,27.373,0.286,65.0
2024-09-04,0.28,26.944,0.272,65.0
2024-09-05,0.267,26.53,0.26,65.0
2024-09-06,0.262,26.372,0.258,65.0
2024-09-07,0.248,25.981,0.244,65.0
2024-09-08,0.237,25.633,0.232,65.0
2024-09-09,0.226,25.306,0.222,65.0
2024-09-10,0.215,24.998,0.207,63.0
2024-09-11,0.205,24.689,0.198,64.0
2024-09-12,0.196,24.419,0.19,64.0
2024-09-13,0.188,24.173,0.184,64.0
2024-09-14,0.181,23.958,0.179,64.0
2024-09-15,0.175,23.773,0.175,64.0
2024-09-16,0.174,23.774,0.173,65.0
2024-09-17,0.187,24.179,0.182,65.0
2024-09-18,0.222,25.226,0.222,65.0
2024-09-19,0.219,25.145,0.212,65.0
2024-09-20,0.221,25.186,0.21,65.0
2024-09-21,0.227,25.36,0.215,65.0
2024-09-22,0.303,27.535,0.274,65.0
2024-09-23,0.306,27.604,0.29,65.0
2024-09-24,0.297,27.358,0.282,66.0
2024-09-25,0.291,27.167,0.277,66.0
2024-09-26,0.284,26.945,0.268,66.0
2024-09-27,0.276,26.719,0.257,67.0
2024-09-28,0.268,26.491,0.249,66.0
2024-09-29,0.26,26.26,0.24,66.0
2024-09-30,0.253,26.05,0.232,66.0
2024-10-01,0.246,25.837,0.224,66.0
2024-10-02,0.239,25.612,0.213,66.0
2024-10-03,0.231,25.382,0.208,66.0
2024-10-04,0.223,25.155,0.202,65.0
2024-10-05,0.216,24.945,0.196,66.0
2024-10-06,0.21,24.751,0.19,66.0
2024-10-07,0.203,24.56,0.182,65.0
2024-10-08,0.197,24.368,0.174,65.0
2024-10-09,0.19,24.174,0.169,66.0
2024-10-10,0.184,23.995,0.163,67.0
2024-10-11,0.179,23.839,0.159,65.0
2024-10-12,0.174,23.699,0.155,66.0
2024-10-13,0.169,23.569,0.15,65.0
2024-10-14,0.165,23.432,0.142,65.0
2024-10-15,0.16,23.298,0.136,65.0
2024-10-16,0.155,23.142,0.128,65.0
2024-10-17,0.149,22.98,0.124,65.0
2024-10-18,0.144,22.829,0.124,65.0
2024-10-19,0.141,22.726,0.124,65.0
2024-10-20,0.137,22.623,0.122,66.0
2024-10-21,0.139,22.701,0.123,65.0
2024-10-22,0.146,22.911,0.127,66.0
2024-10-23,0.143,22.82,0.125,66.0
2024-10-24,0.14,22.727,0.119,64.0
2024-10-25,0.143,22.789,0.123,65.0
2024-10-26,0.139,22.68,0.117,65.0
2024-10-27,0.136,22.572,0.113,65.0
2024-10-28,0.132,22.473,0.116,65.0
2024-10-29,0.13,22.406,0.116,64.0
2024-10-30,0.129,22.383,0.118,64.0
2024-10-31,0.214,24.807,0.191,64.0
2024-11-01,0.212,24.769,0.185,64.0
2024-11-02,0.233,25.355,0.192,65.0
2024-11-03,0.369,29.227,0.325,65.0
2024-11-04,0.385,29.686,0.36,65.0
2024-11-05,0.428,30.997,0.406,66.0
2024-11-06,0.428,31.0,0.394,66.0
2024-11-07,0.436,31.262,0.394,67.0
2024-11-08,0.485,32.731,0.439,67.0
2024-11-09,0.658,38.0,0.694,68.0
2024-11-10,0.666,38.232,0.67,68.0
2024-11-11,0.676,38.569,0.654,68.0
2024-11-12,0.68,38.708,0.643,68.0
2024-11-13,0.687,38.914,0.651,68.0
2024-11-14,0.686,38.908,0.648,68.0
2024-11-15,0.681,38.76,0.636,68.0
2024-11-16,0.674,38.558,0.628,68.0
2024-11-17,0.666,38.327,0.621,68.0
2024-11-18,0.707,39.523,0.656,68.0
2024-11-19,0.796,42.189,0.774,68.0
2024-11-20,0.79,42.01,0.745,68.0
2024-11-21,0.783,41.805,0.727,68.0
2024-11-22,0.772,41.488,0.715,68.0
2024-11-23,0.759,41.132,0.707,68.0
2024-11-24,0.748,40.783,0.7,68.0
2024-11-25,0.737,40.465,0.693,68.0
2024-11-26,0.727,40.17,0.68,67.0
2024-11-27,0.717,39.894,0.676,68.0
2024-11-28,0.709,39.655,0.675,67.0
2024-11-29,0.702,39.451,0.673,66.0
2024-11-30,0.696,39.28,0.663,68.0
2024-12-01,0.691,39.12,0.664,66.0
2024-12-02,0.686,38.974,0.659,65.0
2024-12-03,0.682,38.861,0.654,62.0
2024-12-04,0.678,38.738,0.648,66.0
2024-12-05,0.673,38.604,0.644,67.0
2024-12-06,0.668,38.47,0.641,63.0
2024-12-07,0.664,38.353,0.635,65.0
2024-12-08,0.66,38.232,0.634,68.0
2024-12-09,0.657,38.133,0.633,68.0
2024-12-10,0.654,38.054,0.631,67.0
2024-12-11,0.652,37.977,0.625,63.0
2024-12-12,0.649,37.903,0.622,62.0
2024-12-13,0.646,37.826,0.627,53.0
2024-12-14,0.651,37.947,0.629,54.0
2024-12-15,0.649,37.888,0.638,56.0
2024-12-16,0.649,37.888,0.634,63.0
2024-12-17,0.648,37.881,0.628,63.0
2024-12-18,0.648,37.865,0.626,63.0
2024-12-19,0.647,37.844,0.623,63.0
2024-12-20,0.646,37.806,0.625,59.0
2024-12-21,0.644,37.745,0.622,47.0
2024-12-22,0.641,37.672,0.615,51.0
2024-12-23,0.637,37.539,0.605,66.0
2024-12-24,0.633,37.434,0.608,67.0
2024-12-25,0.631,37.352,0.606,67.0
2024-12-26,0.629,37.294,0.606,67.0
2024-12-27,0.628,37.262,0.609,67.0
2024-12-28,0.627,37.255,0.611,67.0
2024-12-29,0.628,37.265,0.61,67.0
2024-12-30,0.628,37.278,0.609,67.0
2024-12-31,0.629,37.297,0.609,67.0
2025-01-01,0.628,37.281,0.608,64.0
2025-01-02,0.627,37.24,0.606,60.0
2025-01-03,0.625,37.182,0.599,56.0
2025-01-04,0.623,37.128,0.592,56.0
2025-01-05,0.642,37.667,0.599,43.0
2025-01-06,0.657,38.084,0.601,41.0
2025-01-07,0.643,37.677,0.606,35.0
2025-01-08,0.629,37.249,0.599,33.0
2025-01-09,0.62,36.996,0.595,32.0
2025-01-10,0.619,36.975,0.597,36.0
2025-01-11,0.614,36.835,0.597,36.0
2025-01-12,0.613,36.782,0.615,38.0
2025-01-13,0.615,36.854,0.634,36.0
2025-01-14,0.62,37.009,0.636,35.0
2025-01-15,0.626,37.165,0.632,32.0
2025-01-16,0.63,37.299,0.634,32.0
2025-01-17,0.638,37.535,0.658,36.0
2025-01-18,0.648,37.831,0.69,38.0
2025-01-19,0.659,38.157,0.664,24.0
2025-01-20,0.67,38.475,0.625,12.0
2025-01-21,0.671,38.495,0.655,5.0
2025-01-22,0.666,38.366,0.56,2.0
2025-01-23,0.664,38.3,0.632,3.0
2025-01-24,0.658,38.137,0.629,3.0
2025-01-25,0.653,37.991,0.628,3.0
2025-01-26,0.651,37.929,0.636,5.0
2025-01-27,0.65,37.888,0.606,4.0
2025-01-28,0.646,37.792,0.573,6.0
2025-01-29,0.643,37.701,0.644,9.0
2025-01-30,0.648,37.837,0.683,14.0
2025-01-31,0.685,38.894,0.784,21.0
2025-02-01,0.696,39.218,0.79,26.0
2025-02-02,0.703,39.42,0.776,34.0
2025-02-03,0.707,39.523,0.745,47.0
2025-02-04,0.708,39.545,0.75,44.0
2025-02-05,0.707,39.493,0.763,31.0
2025-02-06,0.706,39.467,0.757,37.0
2025-02-07,0.704,39.392,0.751,32.0
2025-02-08,0.7,39.284,0.746,41.0
2025-02-09,0.696,39.163,0.744,31.0
2025-02-10,0.692,39.045,0.736,30.0
2025-02-11,0.689,38.97,0.734,28.0
2025-02-12,0.685,38.857,0.696,19.0
2025-02-13,0.681,38.725,0.699,15.0
2025-02-14,0.672,38.481,0.676,12.0
2025-02-15,0.671,38.436,0.707,20.0
2025-02-16,0.67,38.417,0.695,13.0
2025-02-17,0.671,38.437,0.678,11.0
2025-02-18,0.667,38.337,0.666,8.0
2025-02-19,0.665,38.266,0.715,3.0
2025-02-20,0.659,38.078,0.661,5.0
2025-02-21,0.652,37.892,0.757,4.0
2025-02-22,0.646,37.719,0.754,4.0
2025-02-23,0.643,37.621,0.659,6.0
2025-02-24,0.641,37.573,0.685,9.0
2025-02-25,0.652,37.883,0.69,24.0
2025-02-26,0.67,38.419,0.724,45.0
2025-02-27,0.683,38.824,0.722,48.0
2025-02-28,0.692,39.093,0.707,57.0
2025-03-01,0.695,39.2,0.7,59.0
2025-03-02,0.695,39.21,0.689,63.0
2025-03-03,0.695,39.22,0.69,67.0
2025-03-04,0.704,39.476,0.701,67.0
2025-03-05,0.743,40.613,0.743,66.0
2025-03-06,0.741,40.571,0.736,64.0
2025-03-07,0.738,40.485,0.725,67.0
2025-03-08,0.733,40.338,0.714,66.0
2025-03-09,0.726,40.154,0.709,67.0
2025-03-10,0.719,39.951,0.705,67.0
2025-03-11,0.713,39.779,0.708,67.0
2025-03-12,0.708,39.638,0.701,67.0
2025-03-13,0.704,39.519,0.695,67.0
2025-03-14,0.7,39.392,0.69,67.0
2025-03-15,0.695,39.252,0.682,67.0
2025-03-16,0.69,39.085,0.673,67.0
2025-03-17,0.683,38.893,0.666,67.0
2025-03-18,0.676,38.687,0.66,67.0
2025-03-19,0.677,38.739,0.657,67.0
2025-03-20,0.672,38.585,0.662,67.0
2025-03-21,0.666,38.425,0.668,67.0
2025-03-22,0.663,38.344,0.665,66.0
2025-03-23,0.664,38.355,0.663,66.0
2025-03-24,0.661,38.274,0.653,66.0
2025-03-25,0.657,38.161,0.646,67.0
2025-03-26,0.651,38.0,0.639,67.0
2025-03-27,0.645,37.814,0.632,67.0
2025-03-28,0.641,37.699,0.626,67.0
2025-03-29,0.634,37.487,0.619,67.0
2025-03-30,0.64,37.672,0.624,67.0
2025-03-31,0.633,37.459,0.617,67.0
2025-04-01,0.625,37.218,0.608,67.0
2025-04-02,0.66,38.216,0.658,67.0
2025-04-03,0.654,38.018,0.646,67.0
2025-04-04,0.66,38.227,0.651,67.0
2025-04-05,0.663,38.293,0.665,67.0
2025-04-06,0.66,38.21,0.656,67.0
2025-04-07,0.655,38.056,0.646,67.0
2025-04-08,0.648,37.859,0.635,67.0
2025-04-09,0.64,37.626,0.625,67.0
2025-04-10,0.631,37.358,0.614,67.0
2025-04-11,0.621,37.059,0.6,67.0
2025-04-12,0.61,36.733,0.589,67.0
2025-04-13,0.599,36.387,0.577,67.0
2025-04-14,0.586,36.024,0.562,67.0
2025-04-15,0.573,35.641,0.547,67.0
2025-04-16,0.56,35.243,0.534,67.0
2025-04-17,0.558,35.182,0.543,67.0
2025-04-18,0.545,34.781,0.528,67.0
2025-04-19,0.542,34.694,0.524,67.0
2025-04-20,0.565,35.35,0.559,67.0
2025-04-21,0.592,36.101,0.591,67.0
2025-04-22,0.582,35.814,0.574,68.0
2025-04-23,0.58,35.739,0.568,68.0
2025-04-24,0.634,37.405,0.635,68.0
2025-04-25,0.658,38.164,0.699,68.0
2025-04-26,0.652,37.977,0.687,68.0
2025-04-27,0.667,38.423,0.702,68.0
2025-04-28,0.664,38.346,0.697,68.0
2025-04-29,0.67,38.506,0.694,68.0
2025-04-30,0.674,38.6,0.686,68.0
2025-05-01,0.675,38.646,0.702,68.0
2025-05-02,0.664,38.325,0.681,68.0
2025-05-03,0.654,37.999,0.663,68.0
2025-05-04,0.64,37.586,0.644,68.0
2025-05-05,0.624,37.119,0.624,68.0
2025-05-06,0.607,36.613,0.605,68.0
2025-05-07,0.647,37.822,0.656,68.0
2025-05-08,0.657,38.102,0.689,68.0
2025-05-09,0.645,37.761,0.667,68.0
2025-05-10,0.635,37.447,0.644,68.0
2025-05-11,0.621,37.035,0.617,68.0
2025-05-12,0.604,36.518,0.592,68.0
2025-05-13,0.583,35.911,0.567,68.0
2025-05-14,0.561,35.253,0.544,68.0
2025-05-15,0.539,34.576,0.521,68.0
2025-05-16,0.516,33.888,0.497,68.0
2025-05-17,0.493,33.2,0.473,68.0
2025-05-18,0.473,32.614,0.454,68.0
2025-05-19,0.483,32.894,0.468,68.0
2025-05-20,0.524,34.052,0.519,68.0
2025-05-21,0.504,33.476,0.494,68.0
2025-05-22,0.486,32.937,0.475,68.0
2025-05-23,0.468,32.403,0.46,68.0
2025-05-24,0.494,33.131,0.491,68.0
2025-05-25,0.555,34.974,0.557,68.0
2025-05-26,0.608,36.513,0.635,68.0
2025-05-27,0.632,37.188,0.67,68.0
2025-05-28,0.631,37.171,0.659,68.0
2025-05-29,0.696,39.11,0.745,68.0
2025-05-30,0.695,39.075,0.718,68.0
2025-05-31,0.69,38.936,0.69,68.0
2025-06-01,0.678,38.599,0.662,68.0
2025-06-02,0.66,38.065,0.635,68.0
2025-06-03,0.674,38.497,0.647,68.0
2025-06-04,0.71,39.531,0.712,68.0
2025-06-05,0.691,38.991,0.689,68.0
2025-06-06,0.714,39.662,0.733,68.0
2025-06-07,0.733,40.245,0.77,68.0
2025-06-08,0.732,40.193,0.742,68.0
2025-06-09,0.721,39.881,0.71,68.0
2025-06-10,0.702,39.318,0.676,68.0
2025-06-11,0.678,38.614,0.647,68.0
2025-06-12,0.651,37.825,0.619,68.0
2025-06-13,0.629,37.178,0.606,68.0
2025-06-14,0.624,37.061,0.61,68.0
2025-06-15,0.626,37.09,0.613,68.0
2025-06-16,0.606,36.499,0.593,68.0
2025-06-17,0.647,37.754,0.624,68.0
2025-06-18,0.671,38.421,0.655,68.0
2025-06-19,0.65,37.788,0.634,68.0
2025-06-20,0.628,37.136,0.603,68.0
2025-06-21,0.604,36.409,0.57,68.0
2025-06-22,0.577,35.618,0.536,68.0
2025-06-23,0.549,34.773,0.505,68.0
2025-06-24,0.564,35.201,0.538,67.0
2025-06-25,0.554,34.919,0.546,68.0
2025-06-26,0.538,34.47,0.529,68.0
2025-06-27,0.523,34.018,0.515,68.0
2025-06-28,0.509,33.602,0.499,68.0
2025-06-29,0.497,33.241,0.495,68.0
2025-06-30,0.556,35.009,0.563,68.0
2025-07-01,0.538,34.473,0.548,68.0
2025-07-02,0.518,33.892,0.523,68.0
2025-07-03,0.498,33.307,0.498,68.0
2025-07-04,0.479,32.722,0.475,68.0
2025-07-05,0.478,32.727,0.483,68.0
2025-07-06,0.467,32.406,0.473,67.0
2025-07-07,0.481,32.873,0.487,67.0
2025-07-08,0.472,32.59,0.471,67.0
2025-07-09,0.459,32.215,0.463,68.0
2025-07-10,0.442,31.729,0.439,68.0
2025-07-11,0.428,31.322,0.417,68.0
2025-07-12,0.446,31.897,0.44,68.0
2025-07-13,0.44,31.726,0.43,68.0
2025-07-14,0.424,31.249,0.417,68.0
2025-07-15,0.408,30.769,0.397,68.0
2025-07-16,0.396,30.388,0.379,68.0
2025-07-17,0.475,32.695,0.467,68.0
2025-07-18,0.477,32.755,0.476,68.0
2025-07-19,0.463,32.334,0.465,68.0
2025-07-20,0.46,32.277,0.461,68.0
2025-07-21,0.449,31.922,0.449,68.0
2025-07-22,0.521,34.036,0.537,68.0
2025-07-23,0.508,33.646,0.51,68.0
2025-07-24,0.512,33.802,0.506,68.0
2025-07-25,0.59,36.02,0.588,67.0
2025-07-26,0.6,36.291,0.607,68.0
2025-07-27,0.585,35.857,0.578,68.0
2025-07-28,0.569,35.364,0.546,68.0
2025-07-29,0.548,34.763,0.513,67.0
2025-07-30,0.535,34.385,0.502,66.0
2025-07-31,0.539,34.465,0.515,66.0
2025-08-01,0.523,34.017,0.51,66.0
2025-08-02,0.505,33.524,0.49,67.0
2025-08-03,0.508,33.635,0.487,67.0
2025-08-04,0.501,33.432,0.48,67.0
2025-08-05,0.483,32.904,0.463,67.0
2025-08-06,0.465,32.379,0.442,67.0
2025-08-07,0.448,31.868,0.431,66.0
2025-08-08,0.43,31.348,0.402,67.0
2025-08-09,0.412,30.803,0.379,67.0
2025-08-10,0.431,31.417,0.406,67.0
2025-08-11,0.532,34.316,0.513,66.0
2025-08-12,0.524,34.094,0.536,67.0
2025-08-13,0.51,33.681,0.516,67.0
2025-08-14,0.497,33.281,0.494,67.0
2025-08-15,0.482,32.85,0.474,68.0
2025-08-16,0.466,32.362,0.451,68.0
2025-08-17,0.448,31.837,0.428,68.0
2025-08-18,0.429,31.282,0.41,68.0
2025-08-19,0.421,31.074,0.4,68.0
2025-08-20,0.415,30.882,0.401,68.0
2025-08-21,0.397,30.343,0.385,68.0
2025-08-22,0.381,29.858,0.369,68.0
2025-08-23,0.371,29.563,0.359,68.0
2025-08-24,0.359,29.217,0.355,68.0
2025-08-25,0.398,30.396,0.384,68.0
2025-08-26,0.397,30.368,0.399,68.0
2025-08-27,0.389,30.121,0.389,68.0
2025-08-28,0.459,32.216,0.468,68.0
2025-08-29,0.458,32.205,0.468,68.0
2025-08-30,0.466,32.477,0.47,68.0
2025-08-31,0.514,33.854,0.521,68.0
2025-09-01,0.528,34.257,0.541,68.0
2025-09-02,0.546,34.778,0.552,68.0
2025-09-03,0.539,34.588,0.534,68.0
2025-09-04,0.533,34.384,0.518,68.0
2025-09-05,0.526,34.186,0.508,68.0
2025-09-06,0.539,34.581,0.539,68.0
2025-09-07,0.527,34.208,0.522,68.0
2025-09-08,0.519,33.979,0.51,68.0
2025-09-09,0.548,34.826,0.539,68.0
2025-09-10,0.559,35.168,0.553,67.0
2025-09-11,0.551,34.917,0.539,67.0
2025-09-12,0.541,34.624,0.517,67.0
2025-09-13,0.529,34.255,0.497,68.0
2025-09-14,0.523,34.079,0.493,68.0
2025-09-15,0.518,33.929,0.494,68.0
2025-09-16,0.502,33.471,0.48,68.0
2025-09-17,0.518,33.968,0.495,68.0
2025-09-18,0.542,34.651,0.536,68.0
2025-09-19,0.545,34.75,0.543,68.0
2025-09-20,0.563,35.259,0.552,68.0
2025-09-21,0.567,35.38,0.556,68.0
2025-09-22,0.562,35.254,0.548,68.0
2025-09-23,0.628,37.228,0.629,68.0
2025-09-24,0.663,38.309,0.669,68.0
2025-09-25,0.658,38.142,0.646,68.0
2025-09-26,0.649,37.895,0.625,68.0
2025-09-27,0.638,37.539,0.608,68.0
2025-09-28,0.623,37.111,0.592,68.0
2025-09-29,0.608,36.651,0.575,68.0
2025-09-30,0.592,36.185,0.56,68.0
2025-10-01,0.577,35.735,0.547,68.0
2025-10-02,0.563,35.308,0.534,68.0
2025-10-03,0.55,34.902,0.522,68.0
2025-10-04,0.536,34.511,0.507,68.0
2025-10-05,0.523,34.119,0.49,68.0
2025-10-06,0.534,34.421,0.496,68.0
2025-10-07,0.549,34.831,0.518,68.0
2025-10-08,0.538,34.509,0.512,68.0
2025-10-09,0.528,34.22,0.501,68.0
2025-10-10,0.52,33.957,0.492,68.0
2025-10-11,0.511,33.7,0.483,68.0
2025-10-12,0.502,33.441,0.472,68.0
2025-10-13,0.493,33.171,0.46,68.0
2025-10-14,0.491,33.113,0.46,68.0
2025-10-15,0.483,32.861,0.458,68.0
2025-10-16,0.476,32.642,0.451,68.0
2025-10-17,0.473,32.561,0.447,68.0
2025-10-18,0.468,32.412,0.443,68.0
2025-10-19,0.469,32.435,0.436,68.0
2025-10-20,0.461,32.195,0.426,68.0
2025-10-21,0.451,31.926,0.415,68.0
2025-10-22,0.442,31.643,0.406,68.0
2025-10-23,0.433,31.362,0.398,68.0
2025-10-24,0.447,31.764,0.418,68.0
2025-10-25,0.468,32.375,0.457,68.0
2025-10-26,0.511,33.596,0.52,68.0
2025-10-27,0.513,33.65,0.517,68.0
2025-10-28,0.533,34.274,0.542,68.0
2025-10-29,0.552,34.8,0.561,67.0
2025-10-30,0.556,34.92,0.545,67.0
2025-10-31,0.555,34.889,0.532,67.0
2025-11-01,0.55,34.736,0.523,67.0
2025-11-02,0.542,34.515,0.516,67.0
2025-11-03,0.534,34.282,0.508,66.0
2025-11-04,0.527,34.065,0.503,66.0
2025-11-05,0.521,33.879,0.503,67.0
2025-11-06,0.515,33.714,0.496,67.0
2025-11-07,0.51,33.565,0.493,67.0
2025-11-08,0.505,33.423,0.487,67.0
2025-11-09,0.5,33.285,0.481,67.0
2025-11-10,0.495,33.129,0.471,67.0
2025-11-11,0.489,32.958,0.468,66.0
2025-11-12,0.483,32.785,0.465,66.0
2025-11-13,0.479,32.649,0.463,66.0
2025-11-14,0.475,32.544,0.462,66.0
2025-11-15,0.472,32.454,0.459,66.0
2025-11-16,0.469,32.383,0.456,66.0
2025-11-17,0.467,32.298,0.453,66.0
2025-11-18,0.464,32.231,0.449,67.0
2025-11-19,0.462,32.157,0.444,67.0
2025-11-20,0.466,32.271,0.448,67.0
2025-11-21,0.6,36.28,0.587,67.0
2025-11-22,0.611,36.609,0.616,67.0
2025-11-23,0.611,36.618,0.607,67.0
2025-11-24,0.618,36.81,0.62,67.0
2025-11-25,0.626,37.058,0.645,67.0
2025-11-26,0.63,37.194,0.629,67.0
2025-11-27,0.633,37.286,0.617,67.0
2025-11-28,0.632,37.251,0.609,67.0
2025-11-29,0.63,37.195,0.613,67.0
2025-11-30,0.638,37.427,0.635,66.0
2025-12-01,0.636,37.368,0.655,59.0
2025-12-02,0.635,37.321,0.654,56.0
2025-12-03,0.635,37.333,0.648,61.0
2025-12-04,0.633,37.266,0.631,64.0
2025-12-05,0.63,37.177,0.634,60.0
2025-12-06,0.627,37.072,0.631,62.0
2025-12-07,0.623,36.958,0.611,67.0
2025-12-08,0.619,36.847,0.621,63.0
2025-12-09,0.616,36.745,0.61,66.0
2025-12-10,0.613,36.653,0.604,67.0
2025-12-11,0.61,36.574,0.601,67.0
2025-12-12,0.608,36.508,0.599,67.0
2025-12-13,0.605,36.442,0.595,67.0
2025-12-14,0.603,36.366,0.587,58.0
2025-12-15,0.599,36.27,0.595,51.0
2025-12-16,0.595,36.143,0.582,57.0
2025-12-17,0.592,36.045,0.585,60.0
2025-12-18,0.588,35.947,0.578,66.0
2025-12-19,0.586,35.877,0.591,63.0
2025-12-20,0.584,35.818,0.574,67.0
2025-12-21,0.582,35.753,0.581,64.0
2025-12-22,0.58,35.687,0.569,67.0
2025-12-23,0.578,35.628,0.569,67.0
2025-12-24,0.576,35.585,0.57,67.0
2025-12-25,0.575,35.561,0.57,67.0
2025-12-26,0.575,35.553,0.571,67.0
2025-12-27,0.575,35.552,0.57,67.0
2025-12-28,0.576,35.573,0.571,67.0
2025-12-29,0.575,35.558,0.585,61.0
2025-12-30,0.574,35.517,0.616,48.0
2025-12-31,0.572,35.463,0.58,56.0
2026-01-01,0.569,35.385,0.559,64.0
2026-01-02,0.565,35.263,0.55,67.0
2026-01-03,0.562,35.157,0.549,67.0
2026-01-04,0.559,35.073,0.548,67.0
2026-01-05,0.557,35.011,0.548,67.0
2026-01-06,0.555,34.968,0.547,67.0
2026-01-07,0.554,34.935,0.545,67.0
2026-01-08,0.554,34.918,0.547,67.0
2026-01-09,0.617,36.758,0.629,67.0
2026-01-10,0.633,37.247,0.632,65.0
2026-01-11,0.635,37.309,0.634,63.0
2026-01-12,0.634,37.284,0.625,64.0
2026-01-13,0.634,37.263,0.626,67.0
2026-01-14,0.634,37.295,0.638,67.0
2026-01-15,0.637,37.38,0.638,65.0
2026-01-16,0.64,37.478,0.632,67.0
2026-01-17,0.641,37.529,0.654,56.0
2026-01-18,0.641,37.55,0.684,28.0
2026-01-19,0.641,37.533,0.615,38.0
2026-01-20,0.633,37.289,0.628,29.0
2026-01-21,0.623,37.015,0.637,35.0
2026-01-22,0.616,36.79,0.641,34.0
2026-01-23,0.609,36.6,0.643,32.0
2026-01-24,0.606,36.496,0.695,13.0
2026-01-25,0.604,36.432,0.679,10.0
2026-01-26,0.599,36.271,0.711,9.0
2026-01-27,0.589,35.982,0.669,11.0
2026-01-28,0.582,35.763,0.651,13.0
2026-01-29,0.574,35.542,0.628,15.0
2026-01-30,0.57,35.411,0.644,16.0
2026-01-31,0.567,35.328,0.647,12.0
2026-02-01,0.565,35.271,0.655,7.0
2026-02-02,0.563,35.219,0.618,11.0
2026-02-03,0.566,35.309,0.576,23.0
2026-02-04,0.574,35.552,0.627,31.0
2026-02-05,0.588,35.954,0.647,38.0
2026-02-06,0.604,36.458,0.651,51.0
2026-02-07,0.62,36.916,0.646,58.0
2026-02-08,0.632,37.275,0.644,61.0
2026-02-09,0.639,37.478,0.635,63.0
2026-02-10,0.641,37.548,0.629,65.0
2026-02-11,0.642,37.564,0.627,66.0
2026-02-12,0.64,37.526,0.624,66.0
2026-02-13,0.638,37.458,0.624,67.0
2026-02-14,0.679,38.624,0.676,67.0
2026-02-15,0.701,39.278,0.722,67.0
2026-02-16,0.704,39.366,0.715,67.0
2026-02-17,0.708,39.472,0.708,67.0
2026-02-18,0.708,39.497,0.699,66.0
2026-02-19,0.706,39.435,0.69,66.0
2026-02-20,0.7,39.268,0.682,63.0
2026-02-21,0.692,39.025,0.678,64.0
2026-02-22,0.683,38.772,0.676,62.0
2026-02-23,0.675,38.524,0.662,62.0
2026-02-24,0.667,38.292,0.653,64.0
2026-02-25,0.66,38.09,0.652,67.0
2026-02-26,0.655,37.936,0.651,67.0
2026-02-27,0.651,37.825,0.649,67.0
2026-02-28,0.648,37.739,0.646,67.0
2026-03-01,0.645,37.659,0.642,67.0
2026-03-02,0.656,37.957,0.661,67.0
2026-03-03,0.654,37.911,0.658,67.0
2026-03-04,0.657,37.975,0.659,67.0
2026-03-05,0.659,38.039,0.67,67.0
2026-03-06,0.67,38.344,0.677,67.0
2026-03-07,0.682,38.711,0.692,67.0
2026-03-08,0.682,38.713,0.678,67.0
2026-03-09,0.681,38.665,0.67,67.0
2026-03-10,0.677,38.541,0.664,67.0
2026-03-11,0.685,38.777,0.679,67.0
2026-03-12,0.679,38.613,0.662,67.0
2026-03-13,0.673,38.425,0.653,67.0
2026-03-14,0.665,38.191,0.645,67.0
2026-03-15,0.657,37.951,0.64,67.0
2026-03-16,0.648,37.693,0.637,63.0
2026-03-17,0.639,37.423,0.621,65.0
2026-03-18,0.629,37.15,0.614,67.0
2026-03-19,0.621,36.916,0.612,67.0
2026-03-20,0.615,36.729,0.607,65.0
2026-03-21,0.61,36.57,0.601,65.0
2026-03-22,0.606,36.452,0.594,65.0
2026-03-23,0.601,36.312,0.585,65.0
2026-03-24,0.595,36.142,0.577,65.0
2026-03-25,0.588,35.928,0.572,66.0
2026-03-26,0.58,35.709,0.566,66.0
2026-03-27,0.575,35.558,0.559,67.0
2026-03-28,0.567,35.308,0.547,67.0
2026-03-29,0.558,35.039,0.539,67.0
2026-03-30,0.548,34.764,0.532,67.0
2026-03-31,0.539,34.499,0.524,67.0
2026-04-01,0.538,34.46,0.518,67.0
2026-04-02,0.567,35.29,0.552,67.0
2026-04-03,0.559,35.038,0.544,67.0
2026-04-04,0.554,34.883,0.543,67.0
2026-04-05,0.545,34.626,0.53,67.0
2026-04-06,0.536,34.348,0.517,67.0
2026-04-07,0.525,34.038,0.506,67.0
2026-04-08,0.514,33.713,0.496,67.0
2026-04-09,0.504,33.407,0.486,67.0
2026-04-10,0.533,34.223,0.527,67.0
2026-04-11,0.546,34.594,0.539,67.0
2026-04-12,0.546,34.585,0.54,67.0
2026-04-13,0.546,34.593,0.546,67.0
2026-04-14,0.539,34.376,0.534,67.0
2026-04-15,0.533,34.209,0.526,67.0
2026-04-16,0.525,33.977,0.516,67.0
2026-04-17,0.512,33.599,0.5,67.0
2026-04-18,0.517,33.732,0.504,67.0
2026-04-19,0.503,33.303,0.487,67.0
2026-04-20,0.488,32.861,0.471,67.0
2026-04-21,0.472,32.409,0.455,67.0
2026-04-22,0.457,31.97,0.445,67.0
2026-04-23,0.444,31.571,0.439,67.0
2026-04-24,0.452,31.817,0.452,67.0
2026-04-25,0.442,31.514,0.439,67.0
2026-04-26,0.437,31.373,0.426,67.0
2026-04-27,0.519,33.745,0.523,67.0
2026-04-28,0.507,33.414,0.511,67.0
2026-04-29,0.496,33.086,0.496,67.0
2026-04-30,0.484,32.725,0.483,67.0
2026-05-01,0.472,32.374,0.473,67.0
2026-05-02,0.459,32.014,0.463,67.0
2026-05-03,0.448,31.679,0.454,67.0
2026-05-04,0.437,31.363,0.442,67.0
2026-05-05,0.432,31.202,0.434,67.0
2026-05-06,0.433,31.267,0.434,67.0
2026-05-07,0.425,31.039,0.439,67.0
2026-05-08,0.416,30.776,0.431,67.0
2026-05-09,0.409,30.574,0.422,67.0
2026-05-10,0.402,30.39,0.41,67.0
2026-05-11,0.394,30.158,0.399,67.0
2026-05-12,0.385,29.894,0.387,67.0
2026-05-13,0.374,29.595,0.372,67.0
2026-05-14,0.363,29.262,0.358,67.0
2026-05-15,0.351,28.916,0.347,67.0
2026-05-16,0.339,28.561,0.336,67.0
2026-05-17,0.341,28.63,0.336,68.0
2026-05-18,0.386,29.933,0.385,68.0
2026-05-19,0.468,32.281,0.461,67.0
2026-05-20,0.455,31.904,0.445,67.0
2026-05-21,0.442,31.514,0.435,67.0
2026-05-22,0.448,31.7,0.444,67.0
2026-05-23,0.442,31.537,0.45,67.0
2026-05-24,0.437,31.379,0.442,67.0
2026-05-25,0.429,31.141,0.43,67.0
2026-05-26,0.42,30.883,0.415,67.0
2026-05-27,0.41,30.591,0.394,66.0
2026-05-28,0.45,31.831,0.444,66.0
2026-05-29,0.522,33.925,0.556,67.0
2026-05-30,0.536,34.344,0.582,67.0
2026-05-31,0.574,35.447,0.597,67.0
2026-06-01,0.575,35.477,0.586,68.0
2026-06-02,0.621,36.863,0.607,67.0
2026-06-03,0.612,36.591,0.598,67.0
2026-06-04,0.658,38.019,0.649,67.0
2026-06-05,0.671,38.387,0.663,67.0
2026-06-06,0.653,37.846,0.629,68.0
2026-06-07,0.639,37.435,0.612,67.0
2026-06-08,0.644,37.554,0.625,68.0
2026-06-09,0.675,38.46,0.666,68.0
2026-06-10,0.663,38.088,0.637,68.0
2026-06-11,0.648,37.641,0.618,68.0
2026-06-12,0.624,36.938,0.584,68.0
2026-06-13,0.6,36.204,0.56,68.0
2026-06-14,0.616,36.663,0.579,68.0
2026-06-15,0.588,35.826,0.55,68.0
2026-06-16,0.563,35.083,0.527,68.0
2026-06-17,0.54,34.4,0.508,68.0
2026-06-18,0.516,33.698,0.48,68.0
2026-06-19,0.513,33.579,0.487,68.0
2026-06-20,0.5,33.2,0.472,68.0
2026-06-21,0.671,38.32,0.693,68.0
2026-06-22,0.681,38.647,0.69,67.0
2026-06-23,0.677,38.546,0.687,68.0
2026-06-24,0.698,39.209,0.714,68.0
2026-06-25,0.716,39.812,0.708,66.0
2026-06-26,0.777,41.617,0.807,67.0
2026-06-27,0.77,41.427,0.803,68.0
2026-06-28,0.755,40.968,0.767,68.0
2026-06-29,0.734,40.333,0.711,68.0
2026-06-30,0.706,39.492,0.672,68.0
2026-07-01,0.679,38.719,0.639,68.0
2026-07-02,0.65,37.876,0.61,68.0
2026-07-03,0.618,36.916,0.588,68.0
2026-07-04,0.611,36.726,0.594,67.0
2026-07-05,0.61,36.649,0.607,67.0
2026-07-06,0.583,35.852,0.576,67.0
2026-07-07,0.557,35.09,0.546,68.0
2026-07-08,0.532,34.332,0.515,68.0
2026-07-09,0.537,34.437,0.535,68.0
2026-07-10,0.553,34.965,0.557,68.0
2026-07-11,0.544,34.691,0.546,68.0
2026-07-12,0.522,34.03,0.519,68.0
2026-07-13,0.499,33.35,0.493,68.0
2026-07-14,0.476,32.665,0.466,68.0
2026-07-15,0.453,31.976,0.442,68.0
2026-07-16,0.432,31.336,0.421,68.0
2026-07-17,0.412,30.762,0.408,68.0
2026-07-18,0.393,30.178,0.395,68.0
2026-07-19,0.377,29.703,0.386,68.0
2026-07-20,0.361,29.236,0.366,68.0
2026-07-21,0.345,28.769,0.346,68.0
2026-07-22,0.329,28.291,0.325,68.0
2026-07-23,0.327,28.225,0.335,68.0
2026-07-24,0.376,29.636,0.398,68.0
2026-07-25,0.373,29.535,0.411,68.0
2026-07-26,0.361,29.185,0.393,68.0
2026-07-27,0.35,28.857,0.372,68.0
2026-07-28,0.343,28.647,0.353,68.0
2026-07-29,0.334,28.377,0.346,68.0
2026-07-30,0.331,28.297,0.352,68.0
2026-07-31,0.358,29.062,0.394,67.0
2026-08-01,0.35,28.806,0.379,68.0
2026-08-02,0.341,28.556,0.361,68.0
2026-08-03,0.331,28.246,0.347,68.0
2026-08-04,0.319,27.91,0.333,68.0
2026-08-05,0.309,27.623,0.323,68.0
2026-08-06,0.317,27.824,0.335,68.0
2026-08-07,0.333,28.271,0.362,68.0
2026-08-08,0.331,28.22,0.362,68.0
2026-08-09,0.325,28.04,0.348,68.0
2026-08-10,0.319,27.865,0.333,68.0
2026-08-11,0.31,27.614,0.319,68.0
2026-08-12,0.3,27.317,0.305,68.0
2026-08-13,0.289,26.985,0.293,68.0
2026-08-14,0.312,27.752,0.312,68.0
2026-08-15,0.318,27.958,0.326,67.0
2026-08-16,0.354,29.066,0.388,67.0
2026-08-17,0.355,29.125,0.393,67.0
2026-08-18,0.352,29.04,0.376,67.0
2026-08-19,0.361,29.301,0.376,67.0
2026-08-20,0.358,29.234,0.378,68.0
2026-08-21,0.353,29.094,0.366,68.0
2026-08-22,0.349,28.986,0.357,68.0
2026-08-23,0.352,29.048,0.354,68.0
2026-08-24,0.342,28.764,0.344,67.0
2026-08-25,0.332,28.466,0.332,68.0
2026-08-26,0.33,28.424,0.338,68.0
2026-08-27,0.326,28.292,0.329,68.0
2026-08-28,0.327,28.35,0.33,68.0
2026-08-29,0.318,28.059,0.312,67.0
2026-08-30,0.307,27.724,0.299,68.0
2026-08-31,0.297,27.435,0.285,68.0
2026-09-01,0.284,27.063,0.272,68.0
2026-09-02,0.272,26.68,0.259,68.0
2026-09-03,0.259,26.299,0.246,68.0
2026-09-04,0.247,25.932,0.235,68.0
2026-09-05,0.238,25.676,0.226,68.0
2026-09-06,0.231,25.468,0.221,68.0
2026-09-07,0.223,25.228,0.215,68.0
2026-09-08,0.215,24.976,0.208,68.0
2026-09-09,0.21,24.824,0.203,68.0
2026-09-10,0.291,27.173,0.275,68.0
2026-09-11,0.289,27.116,0.266,68.0
2026-09-12,0.282,26.906,0.262,68.0
2026-09-13,0.318,27.929,0.298,67.0
2026-09-14,0.314,27.79,0.295,68.0
2026-09-15,0.308,27.641,0.294,68.0
2026-09-16,0.359,29.084,0.344,67.0
2026-09-17,0.354,28.915,0.337,68.0
2026-09-18,0.343,28.622,0.325,68.0
2026-09-19,0.334,28.338,0.313,68.0
2026-09-20,0.362,29.155,0.352,68.0
2026-09-21,0.36,29.127,0.35,67.0
2026-09-22,0.352,28.904,0.344,67.0
2026-09-23,0.343,28.644,0.334,67.0
2026-09-24,0.381,29.898,0.367,65.0
2026-09-25,0.446,31.908,0.458,66.0
2026-09-26,0.486,33.096,0.524,67.0
2026-09-27,0.494,33.34,0.518,67.0
2026-09-28,0.494,33.367,0.503,67.0
2026-09-29,0.492,33.292,0.49,67.0
2026-09-30,0.566,35.49,0.591,67.0
2026-10-01,0.693,39.423,0.718,64.0
2026-10-02,0.777,41.902,0.8,65.0
2026-10-03,0.771,41.712,0.767,65.0
2026-10-04,0.760,41.382,0.741,65
2026-10-05,0.746,40.943,0.723,67
2026-10-06,0.728,40.416,0.703,67
2026-10-07,0.709,39.855,0.686,67
2026-10-08,0.691,39.294,0.668,67
2026-10-09,0.673,38.749,0.650,67
